product_id,product_title,image_index,file_path,dimensions,file_size_kb,aspect_ratio,alt_text,source,license,reviewed
p-natural-rubber-bone-chew,Natural Rubber Bone Chew Toy,1,/products/natural-rubber-bone-chew/image-1.webp,1000x1000,145.7,1:1,Natural Rubber Bone Chew Toy view 1 on clean background,https://upload.wikimedia.org/wikipedia/commons/a/a2/Dog_saved_by_Marines_after_snake_bite_111215-M-EY704-025.jpg?utm_source=commons.wikimedia.org&utm_campaign=imageinfo&utm_content=original,Creative Commons / Public Domain,true
p-natural-rubber-bone-chew,Natural Rubber Bone Chew Toy,2,/products/natural-rubber-bone-chew/image-2.webp,1000x1000,159.2,1:1,Natural Rubber Bone Chew Toy lifestyle in-use play view,https://upload.wikimedia.org/wikipedia/commons/1/11/English_Mastiff_Dog.jpg?utm_source=commons.wikimedia.org&utm_campaign=imageinfo&utm_content=original,Creative Commons / Public Domain,true
p-natural-rubber-bone-chew,Natural Rubber Bone Chew Toy,3,/products/natural-rubber-bone-chew/image-3.webp,1000x1000,104.1,1:1,Natural Rubber Bone Chew Toy material and texture detail,https://upload.wikimedia.org/wikipedia/commons/b/be/Cattle_dog_with_tennis_ball.jpg?utm_source=commons.wikimedia.org&utm_campaign=imageinfo&utm_content=original,Creative Commons / Public Domain,true
p-natural-rubber-bone-chew,Natural Rubber Bone Chew Toy,4,/products/natural-rubber-bone-chew/image-4.webp,1000x1000,293.7,1:1,Natural Rubber Bone Chew Toy packaging and scale overview,https://upload.wikimedia.org/wikipedia/commons/7/74/Cavapoo_dog_chasing_a_maltipoo_with_a_ball_%2811881%29.jpg?utm_source=commons.wikimedia.org&utm_campaign=imageinfo&utm_content=original,Creative Commons / Public Domain,true
p-textured-rubber-chew-ring,Textured Rubber Chew Ring,1,/products/textured-rubber-chew-ring/image-1.webp,1000x1000,119.3,1:1,Textured Rubber Chew Ring view 1 on clean background,https://upload.wikimedia.org/wikipedia/commons/c/cf/Commander_with_tennis_ball%2C_20_December_2021.jpg?utm_source=commons.wikimedia.org&utm_campaign=imageinfo&utm_content=original,Creative Commons / Public Domain,true
p-textured-rubber-chew-ring,Textured Rubber Chew Ring,2,/products/textured-rubber-chew-ring/image-2.webp,1000x1000,118.5,1:1,Textured Rubber Chew Ring lifestyle in-use play view,https://upload.wikimedia.org/wikipedia/commons/e/e2/Commander_with_tennis_ball%2C_20_January_2022.jpg?utm_source=commons.wikimedia.org&utm_campaign=imageinfo&utm_content=original,Creative Commons / Public Domain,true
p-textured-rubber-chew-ring,Textured Rubber Chew Ring,3,/products/textured-rubber-chew-ring/image-3.webp,1000x1000,29.2,1:1,Textured Rubber Chew Ring material and texture detail,https://upload.wikimedia.org/wikipedia/commons/c/c4/Dog_and_Ball.jpg?utm_source=commons.wikimedia.org&utm_campaign=imageinfo&utm_content=original,Creative Commons / Public Domain,true
p-textured-rubber-chew-ring,Textured Rubber Chew Ring,4,/products/textured-rubber-chew-ring/image-4.webp,1000x1000,177.9,1:1,Textured Rubber Chew Ring packaging and scale overview,https://upload.wikimedia.org/wikipedia/commons/1/12/Dog_playing_tennis_ball.jpg?utm_source=commons.wikimedia.org&utm_campaign=imageinfo&utm_content=original,Creative Commons / Public Domain,true
p-nylon-and-wood-chew-stick,Nylon and Wood Composite Chew Stick,1,/products/nylon-and-wood-chew-stick/image-1.webp,1000x1000,105.3,1:1,Nylon and Wood Composite Chew Stick view 1 on clean background,https://upload.wikimedia.org/wikipedia/commons/3/39/Dog_with_tennis_ball.jpg?utm_source=commons.wikimedia.org&utm_campaign=imageinfo&utm_content=original,Creative Commons / Public Domain,true
p-nylon-and-wood-chew-stick,Nylon and Wood Composite Chew Stick,2,/products/nylon-and-wood-chew-stick/image-2.webp,1000x1000,36.5,1:1,Nylon and Wood Composite Chew Stick lifestyle in-use play view,https://upload.wikimedia.org/wikipedia/commons/4/40/Dog_with_tennis_ball_01.jpg?utm_source=commons.wikimedia.org&utm_campaign=imageinfo&utm_content=original,Creative Commons / Public Domain,true
p-nylon-and-wood-chew-stick,Nylon and Wood Composite Chew Stick,3,/products/nylon-and-wood-chew-stick/image-3.webp,1000x1000,60.1,1:1,Nylon and Wood Composite Chew Stick material and texture detail,https://upload.wikimedia.org/wikipedia/commons/4/4a/Dog_with_tennis_ball_02.jpg?utm_source=commons.wikimedia.org&utm_campaign=imageinfo&utm_content=original,Creative Commons / Public Domain,true
p-nylon-and-wood-chew-stick,Nylon and Wood Composite Chew Stick,4,/products/nylon-and-wood-chew-stick/image-4.webp,1000x1000,170.4,1:1,Nylon and Wood Composite Chew Stick packaging and scale overview,https://upload.wikimedia.org/wikipedia/commons/f/fb/Maltipoo_dog_running_to_return_a_tennis_ball_%2812012%29.jpg?utm_source=commons.wikimedia.org&utm_campaign=imageinfo&utm_content=original,Creative Commons / Public Domain,true
p-geometric-tread-chew-dumbbell,Geometric Tread Chew Dumbbell,1,/products/geometric-tread-chew-dumbbell/image-1.webp,1000x1000,111.2,1:1,Geometric Tread Chew Dumbbell view 1 on clean background,https://upload.wikimedia.org/wikipedia/commons/9/94/Photograph_of_Buddy_the_Dog_Reaching_for_a_Tennis_Ball-_07-12-1998_%286461536137%29_%28cropped%29.jpg?utm_source=commons.wikimedia.org&utm_campaign=imageinfo&utm_content=original,Creative Commons / Public Domain,true
p-geometric-tread-chew-dumbbell,Geometric Tread Chew Dumbbell,2,/products/geometric-tread-chew-dumbbell/image-2.webp,1000x1000,104.5,1:1,Geometric Tread Chew Dumbbell lifestyle in-use play view,https://upload.wikimedia.org/wikipedia/commons/1/17/Photograph_of_Buddy_the_Dog_Reaching_for_a_Tennis_Ball_-_DPLA_-_3437b050aea56d403582634cd5644b0a.jpg?utm_source=commons.wikimedia.org&utm_campaign=imageinfo&utm_content=original,Creative Commons / Public Domain,true
p-geometric-tread-chew-dumbbell,Geometric Tread Chew Dumbbell,3,/products/geometric-tread-chew-dumbbell/image-3.webp,1000x1000,96.1,1:1,Geometric Tread Chew Dumbbell material and texture detail,https://upload.wikimedia.org/wikipedia/commons/0/0f/Photograph_of_Buddy_the_Dog_in_the_White_House_Fountain_Retrieving_a_Tennis_Ball-_07-12-1998_%286461535405%29_%28cropped%29.jpg?utm_source=commons.wikimedia.org&utm_campaign=imageinfo&utm_content=original,Creative Commons / Public Domain,true
p-geometric-tread-chew-dumbbell,Geometric Tread Chew Dumbbell,4,/products/geometric-tread-chew-dumbbell/image-4.webp,1000x1000,101.4,1:1,Geometric Tread Chew Dumbbell packaging and scale overview,https://upload.wikimedia.org/wikipedia/commons/4/44/Photograph_of_Buddy_the_Dog_in_the_White_House_Swimming_Pool_Retrieving_a_Tennis_Ball_-_DPLA_-_ebdabcc1f996189deae9f255359cbd3a.jpg?utm_source=commons.wikimedia.org&utm_campaign=imageinfo&utm_content=original,Creative Commons / Public Domain,true
p-heavy-duty-tire-chew,Heavy-Duty Rubber Tire Chew,1,/products/heavy-duty-tire-chew/image-1.webp,1000x1000,85.8,1:1,Heavy-Duty Rubber Tire Chew view 1 on clean background,https://upload.wikimedia.org/wikipedia/commons/4/43/Photograph_of_President_William_Jefferson_Clinton_Throwing_a_Tennis_Ball_to_Buddy_the_Dog-_07-11-1998_%286461539719%29_%28cropped%29.jpg?utm_source=commons.wikimedia.org&utm_campaign=imageinfo&utm_content=original,Creative Commons / Public Domain,true
p-heavy-duty-tire-chew,Heavy-Duty Rubber Tire Chew,2,/products/heavy-duty-tire-chew/image-2.webp,1000x1000,72.3,1:1,Heavy-Duty Rubber Tire Chew lifestyle in-use play view,https://upload.wikimedia.org/wikipedia/commons/1/1a/Photograph_of_President_William_Jefferson_Clinton_Throwing_a_Tennis_Ball_to_Buddy_the_Dog_-_DPLA_-_71055c01e94c05269811f6015290b263.jpg?utm_source=commons.wikimedia.org&utm_campaign=imageinfo&utm_content=original,Creative Commons / Public Domain,true
p-heavy-duty-tire-chew,Heavy-Duty Rubber Tire Chew,3,/products/heavy-duty-tire-chew/image-3.webp,1000x1000,196.5,1:1,Heavy-Duty Rubber Tire Chew material and texture detail,https://upload.wikimedia.org/wikipedia/commons/f/fc/ShihTzu_with_his_tennis_ball.jpg?utm_source=commons.wikimedia.org&utm_campaign=imageinfo&utm_content=original,Creative Commons / Public Domain,true
p-heavy-duty-tire-chew,Heavy-Duty Rubber Tire Chew,4,/products/heavy-duty-tire-chew/image-4.webp,1000x1000,107.0,1:1,Heavy-Duty Rubber Tire Chew packaging and scale overview,https://upload.wikimedia.org/wikipedia/commons/d/df/Anything_to_chew%3F.jpg?utm_source=commons.wikimedia.org&utm_campaign=imageinfo&utm_content=original,Creative Commons / Public Domain,true
p-flexible-dental-chew-cross,Flexible Grooved Chew Cross,1,/products/flexible-dental-chew-cross/image-1.webp,1000x1000,34.7,1:1,Flexible Grooved Chew Cross view 1 on clean background,https://upload.wikimedia.org/wikipedia/commons/4/44/Dog_with_rawhide_chew_toy.jpg?utm_source=commons.wikimedia.org&utm_campaign=imageinfo&utm_content=original,Creative Commons / Public Domain,true
p-flexible-dental-chew-cross,Flexible Grooved Chew Cross,2,/products/flexible-dental-chew-cross/image-2.webp,1000x1000,36.6,1:1,Flexible Grooved Chew Cross lifestyle in-use play view,https://upload.wikimedia.org/wikipedia/commons/7/7e/Dreyfuss_chews_his_rawhide_bone.jpg?utm_source=commons.wikimedia.org&utm_campaign=imageinfo&utm_content=original,Creative Commons / Public Domain,true
p-flexible-dental-chew-cross,Flexible Grooved Chew Cross,3,/products/flexible-dental-chew-cross/image-3.webp,1000x1000,102.2,1:1,Flexible Grooved Chew Cross material and texture detail,https://upload.wikimedia.org/wikipedia/commons/d/d9/Mission_Wolf_Abraham_Bone.jpg?utm_source=commons.wikimedia.org&utm_campaign=imageinfo&utm_content=original,Creative Commons / Public Domain,true
p-flexible-dental-chew-cross,Flexible Grooved Chew Cross,4,/products/flexible-dental-chew-cross/image-4.webp,1000x1000,130.8,1:1,Flexible Grooved Chew Cross packaging and scale overview,https://upload.wikimedia.org/wikipedia/commons/4/4a/Morkie_puppy_retained_teeth.jpg?utm_source=commons.wikimedia.org&utm_campaign=imageinfo&utm_content=original,Creative Commons / Public Domain,true
p-aerodynamic-rubber-flying-disc,Aerodynamic Natural Rubber Flying Disc,1,/products/aerodynamic-rubber-flying-disc/image-1.webp,1000x1000,109.4,1:1,Aerodynamic Natural Rubber Flying Disc view 1 on clean background,https://upload.wikimedia.org/wikipedia/commons/1/1c/Wild_dog_chews_a_bone_%2830224946840%29.jpg?utm_source=commons.wikimedia.org&utm_campaign=imageinfo&utm_content=original,Creative Commons / Public Domain,true
p-aerodynamic-rubber-flying-disc,Aerodynamic Natural Rubber Flying Disc,2,/products/aerodynamic-rubber-flying-disc/image-2.webp,1000x1000,92.3,1:1,Aerodynamic Natural Rubber Flying Disc lifestyle in-use play view,https://upload.wikimedia.org/wikipedia/commons/b/ba/Winter_White_Hamster_Chewing_on_Dog_Treat.jpg?utm_source=commons.wikimedia.org&utm_campaign=imageinfo&utm_content=original,Creative Commons / Public Domain,true
p-aerodynamic-rubber-flying-disc,Aerodynamic Natural Rubber Flying Disc,3,/products/aerodynamic-rubber-flying-disc/image-3.webp,1000x1000,247.5,1:1,Aerodynamic Natural Rubber Flying Disc material and texture detail,https://upload.wikimedia.org/wikipedia/commons/a/a2/Cadaver_dog_training_DVIDS267499.jpg?utm_source=commons.wikimedia.org&utm_campaign=imageinfo&utm_content=original,Creative Commons / Public Domain,true
p-aerodynamic-rubber-flying-disc,Aerodynamic Natural Rubber Flying Disc,4,/products/aerodynamic-rubber-flying-disc/image-4.webp,1000x1000,296.7,1:1,Aerodynamic Natural Rubber Flying Disc packaging and scale overview,https://upload.wikimedia.org/wikipedia/commons/0/03/Dogs_as_home_companions%3B_a_book_for_all_dog_lovers_%281922%29_%2814589492200%29.jpg?utm_source=commons.wikimedia.org&utm_campaign=imageinfo&utm_content=original,Creative Commons / Public Domain,true
p-high-bounce-tennis-balls-3pack,High-Bounce Rubber Tennis Balls (3-Pack),1,/products/high-bounce-tennis-balls-3pack/image-1.webp,1000x1000,196.7,1:1,High-Bounce Rubber Tennis Balls (3-Pack) view 1 on clean background,https://upload.wikimedia.org/wikipedia/commons/9/9a/Greentome.jpg?utm_source=commons.wikimedia.org&utm_campaign=imageinfo&utm_content=original,Creative Commons / Public Domain,true
p-high-bounce-tennis-balls-3pack,High-Bounce Rubber Tennis Balls (3-Pack),2,/products/high-bounce-tennis-balls-3pack/image-2.webp,1000x1000,61.5,1:1,High-Bounce Rubber Tennis Balls (3-Pack) lifestyle in-use play view,https://upload.wikimedia.org/wikipedia/commons/8/89/I_Can_Haz_All_Ur_Toys_%283008971388%29.jpg?utm_source=commons.wikimedia.org&utm_campaign=imageinfo&utm_content=original,Creative Commons / Public Domain,true
p-high-bounce-tennis-balls-3pack,High-Bounce Rubber Tennis Balls (3-Pack),3,/products/high-bounce-tennis-balls-3pack/image-3.webp,1000x1000,224.8,1:1,High-Bounce Rubber Tennis Balls (3-Pack) material and texture detail,https://upload.wikimedia.org/wikipedia/commons/1/18/K-9_handler_gives_working_dog_demonstration_for_Kosovo_students_%286447081%29.jpg?utm_source=commons.wikimedia.org&utm_campaign=imageinfo&utm_content=original,Creative Commons / Public Domain,true
p-high-bounce-tennis-balls-3pack,High-Bounce Rubber Tennis Balls (3-Pack),4,/products/high-bounce-tennis-balls-3pack/image-4.webp,1000x1000,119.3,1:1,High-Bounce Rubber Tennis Balls (3-Pack) packaging and scale overview,https://upload.wikimedia.org/wikipedia/commons/d/dd/Puppy_Program_MWD_Mmoab_is_100th_SFS%E2%80%99s_newest_%E2%80%98goodest_boy%E2%80%99_%E2%80%93_but_do_NOT_pet_the_dog%21_%289901306%29.jpg?utm_source=commons.wikimedia.org&utm_campaign=imageinfo&utm_content=original,Creative Commons / Public Domain,true
p-glow-in-the-dark-fetch-ball,Glow-in-the-Dark Bouncy Fetch Ball,1,/products/glow-in-the-dark-fetch-ball/image-1.webp,1000x1000,170.4,1:1,Glow-in-the-Dark Bouncy Fetch Ball view 1 on clean background,https://upload.wikimedia.org/wikipedia/commons/1/17/Vandenberg_Military_Working_Dog_Ringo_B393_Retires_From_Service_%289868436%29.jpg?utm_source=commons.wikimedia.org&utm_campaign=imageinfo&utm_content=original,Creative Commons / Public Domain,true
p-glow-in-the-dark-fetch-ball,Glow-in-the-Dark Bouncy Fetch Ball,2,/products/glow-in-the-dark-fetch-ball/image-2.webp,1000x1000,120.8,1:1,Glow-in-the-Dark Bouncy Fetch Ball lifestyle in-use play view,https://upload.wikimedia.org/wikipedia/commons/a/a3/DentalAbrasion.jpg?utm_source=commons.wikimedia.org&utm_campaign=imageinfo&utm_content=original,Creative Commons / Public Domain,true
p-glow-in-the-dark-fetch-ball,Glow-in-the-Dark Bouncy Fetch Ball,3,/products/glow-in-the-dark-fetch-ball/image-3.webp,1000x1000,108.7,1:1,Glow-in-the-Dark Bouncy Fetch Ball material and texture detail,https://upload.wikimedia.org/wikipedia/commons/7/73/Rose_Lavelle_tug_of_war_2019-05-16.jpg?utm_source=commons.wikimedia.org&utm_campaign=imageinfo&utm_content=original,Creative Commons / Public Domain,true
p-glow-in-the-dark-fetch-ball,Glow-in-the-Dark Bouncy Fetch Ball,4,/products/glow-in-the-dark-fetch-ball/image-4.webp,1000x1000,72.0,1:1,Glow-in-the-Dark Bouncy Fetch Ball packaging and scale overview,https://upload.wikimedia.org/wikipedia/commons/4/41/Alfred_and_Vennor_with_dog_and_bears%2C_254_Olivier_Ave.%2C_Westmount%2C_QC%2C_1907_%285263082169%29.jpg?utm_source=commons.wikimedia.org&utm_campaign=imageinfo&utm_content=original,Creative Commons / Public Domain,true
p-ergonomic-handheld-ball-launcher,Long-Reach Ball Launcher with Ball,1,/products/ergonomic-handheld-ball-launcher/image-1.webp,1000x1000,301.6,1:1,Long-Reach Ball Launcher with Ball view 1 on clean background,https://upload.wikimedia.org/wikipedia/commons/7/71/Dogs_as_home_companions%3B_a_book_for_all_dog_lovers_%281922%29_%2814589568388%29.jpg?utm_source=commons.wikimedia.org&utm_campaign=imageinfo&utm_content=original,Creative Commons / Public Domain,true
p-ergonomic-handheld-ball-launcher,Long-Reach Ball Launcher with Ball,2,/products/ergonomic-handheld-ball-launcher/image-2.webp,1000x1000,100.1,1:1,Long-Reach Ball Launcher with Ball lifestyle in-use play view,https://upload.wikimedia.org/wikipedia/commons/6/60/Maltipoo_with_rope_toy_%2895554%29.jpg?utm_source=commons.wikimedia.org&utm_campaign=imageinfo&utm_content=original,Creative Commons / Public Domain,true
p-ergonomic-handheld-ball-launcher,Long-Reach Ball Launcher with Ball,3,/products/ergonomic-handheld-ball-launcher/image-3.webp,1000x1000,55.4,1:1,Long-Reach Ball Launcher with Ball material and texture detail,https://upload.wikimedia.org/wikipedia/commons/8/80/Winston_the_Lion%2C_rope_toy_animal.jpg?utm_source=commons.wikimedia.org&utm_campaign=imageinfo&utm_content=original,Creative Commons / Public Domain,true
p-ergonomic-handheld-ball-launcher,Long-Reach Ball Launcher with Ball,4,/products/ergonomic-handheld-ball-launcher/image-4.webp,1000x1000,96.0,1:1,Long-Reach Ball Launcher with Ball packaging and scale overview,https://upload.wikimedia.org/wikipedia/commons/a/a3/Zelda%27s_First_Day_%287319402266%29.jpg?utm_source=commons.wikimedia.org&utm_campaign=imageinfo&utm_content=original,Creative Commons / Public Domain,true
p-erratic-bounce-geometric-ball,Erratic Bounce Rubber Ball,1,/products/erratic-bounce-geometric-ball/image-1.webp,1000x1000,253.8,1:1,Erratic Bounce Rubber Ball view 1 on clean background,https://upload.wikimedia.org/wikipedia/commons/d/d2/Ventana_Dog_Park_Rules_and_Hours.jpg?utm_source=commons.wikimedia.org&utm_campaign=imageinfo&utm_content=original,Creative Commons / Public Domain,true
p-erratic-bounce-geometric-ball,Erratic Bounce Rubber Ball,2,/products/erratic-bounce-geometric-ball/image-2.webp,1000x1000,201.8,1:1,Erratic Bounce Rubber Ball lifestyle in-use play view,https://upload.wikimedia.org/wikipedia/commons/a/a3/2016-366-121_%22Damn%2C_I_am_Cute%22_%2826139294803%29.jpg?utm_source=commons.wikimedia.org&utm_campaign=imageinfo&utm_content=original,Creative Commons / Public Domain,true
p-erratic-bounce-geometric-ball,Erratic Bounce Rubber Ball,3,/products/erratic-bounce-geometric-ball/image-3.webp,1000x1000,122.3,1:1,Erratic Bounce Rubber Ball material and texture detail,https://upload.wikimedia.org/wikipedia/commons/b/bb/Dog_with_Goofy_plush_toy.jpg?utm_source=commons.wikimedia.org&utm_campaign=imageinfo&utm_content=original,Creative Commons / Public Domain,true
p-erratic-bounce-geometric-ball,Erratic Bounce Rubber Ball,4,/products/erratic-bounce-geometric-ball/image-4.webp,1000x1000,19.0,1:1,Erratic Bounce Rubber Ball packaging and scale overview,https://upload.wikimedia.org/wikipedia/commons/a/ac/John_Winters%2C_Plush_Toy_Dog%2C_c._1938%2C_NGA_27799.jpg?utm_source=commons.wikimedia.org&utm_campaign=imageinfo&utm_content=original,Creative Commons / Public Domain,true
p-floating-foam-fetch-ring,High-Visibility Foam Fetch Ring,1,/products/floating-foam-fetch-ring/image-1.webp,1000x1000,165.3,1:1,High-Visibility Foam Fetch Ring view 1 on clean background,https://upload.wikimedia.org/wikipedia/commons/7/75/Unicorn-themed_backpack_and_animal_toys.jpg?utm_source=commons.wikimedia.org&utm_campaign=imageinfo&utm_content=original,Creative Commons / Public Domain,true
p-floating-foam-fetch-ring,High-Visibility Foam Fetch Ring,2,/products/floating-foam-fetch-ring/image-2.webp,1000x1000,82.8,1:1,High-Visibility Foam Fetch Ring lifestyle in-use play view,https://upload.wikimedia.org/wikipedia/commons/7/79/Visit_of_Meri_Akopyan%2C_Ukrainian_Deputy_Minister_for_the_Interior%2C_to_the_European_Commission_%28P-058552-00-05%29.jpg?utm_source=commons.wikimedia.org&utm_campaign=imageinfo&utm_content=original,Creative Commons / Public Domain,true
p-floating-foam-fetch-ring,High-Visibility Foam Fetch Ring,3,/products/floating-foam-fetch-ring/image-3.webp,1000x1000,73.1,1:1,High-Visibility Foam Fetch Ring material and texture detail,https://upload.wikimedia.org/wikipedia/commons/7/72/Border_Collie_Toy_inside_St._Mary%27s_Church_%28Nave_%5E_King%27s_Pyon%29_-_geograph.org.uk_-_6369617.jpg?utm_source=commons.wikimedia.org&utm_campaign=imageinfo&utm_content=original,Creative Commons / Public Domain,true
p-floating-foam-fetch-ring,High-Visibility Foam Fetch Ring,4,/products/floating-foam-fetch-ring/image-4.webp,1000x1000,69.6,1:1,High-Visibility Foam Fetch Ring packaging and scale overview,https://upload.wikimedia.org/wikipedia/commons/f/fb/Buck_Jones_%26_wife_LCCN2014719304.jpg?utm_source=commons.wikimedia.org&utm_campaign=imageinfo&utm_content=original,Creative Commons / Public Domain,true
p-knotted-cotton-rope-3knot,Knotted Cotton Rope Tug (3-Knot),1,/products/knotted-cotton-rope-3knot/image-1.webp,1000x1000,54.0,1:1,Knotted Cotton Rope Tug (3-Knot) view 1 on clean background,https://upload.wikimedia.org/wikipedia/commons/c/c7/Child_with_toy_dog_LCCN2016891312.jpg?utm_source=commons.wikimedia.org&utm_campaign=imageinfo&utm_content=original,Creative Commons / Public Domain,true
p-knotted-cotton-rope-3knot,Knotted Cotton Rope Tug (3-Knot),2,/products/knotted-cotton-rope-3knot/image-2.webp,1000x1000,34.8,1:1,Knotted Cotton Rope Tug (3-Knot) lifestyle in-use play view,https://upload.wikimedia.org/wikipedia/commons/1/19/Dog%2C_toy_%28AM_2013.51.32-1%29.jpg?utm_source=commons.wikimedia.org&utm_campaign=imageinfo&utm_content=original,Creative Commons / Public Domain,true
p-knotted-cotton-rope-3knot,Knotted Cotton Rope Tug (3-Knot),3,/products/knotted-cotton-rope-3knot/image-3.webp,1000x1000,114.5,1:1,Knotted Cotton Rope Tug (3-Knot) material and texture detail,https://upload.wikimedia.org/wikipedia/commons/c/c9/Dog_squirrel_toy.jpg?utm_source=commons.wikimedia.org&utm_campaign=imageinfo&utm_content=original,Creative Commons / Public Domain,true
p-knotted-cotton-rope-3knot,Knotted Cotton Rope Tug (3-Knot),4,/products/knotted-cotton-rope-3knot/image-4.webp,1000x1000,82.2,1:1,Knotted Cotton Rope Tug (3-Knot) packaging and scale overview,https://upload.wikimedia.org/wikipedia/commons/4/45/Homemade_Stuffed_Toy_Dog_-_DPLA_-_5100a1bf66f88d613fa6706b6c3a7b41_%28page_1%29.jpg?utm_source=commons.wikimedia.org&utm_campaign=imageinfo&utm_content=original,Creative Commons / Public Domain,true
p-figure-8-double-handle-rope,Figure-8 Double Handle Tug Rope,1,/products/figure-8-double-handle-rope/image-1.webp,1000x1000,129.3,1:1,Figure-8 Double Handle Tug Rope view 1 on clean background,https://upload.wikimedia.org/wikipedia/commons/3/34/Homemade_Stuffed_Toy_Dog_-_DPLA_-_5100a1bf66f88d613fa6706b6c3a7b41_%28page_2%29.jpg?utm_source=commons.wikimedia.org&utm_campaign=imageinfo&utm_content=original,Creative Commons / Public Domain,true
p-figure-8-double-handle-rope,Figure-8 Double Handle Tug Rope,2,/products/figure-8-double-handle-rope/image-2.webp,1000x1000,93.3,1:1,Figure-8 Double Handle Tug Rope lifestyle in-use play view,https://upload.wikimedia.org/wikipedia/commons/f/f7/Homemade_Stuffed_Toy_Dog_-_DPLA_-_5100a1bf66f88d613fa6706b6c3a7b41_%28page_3%29.jpg?utm_source=commons.wikimedia.org&utm_campaign=imageinfo&utm_content=original,Creative Commons / Public Domain,true
p-figure-8-double-handle-rope,Figure-8 Double Handle Tug Rope,3,/products/figure-8-double-handle-rope/image-3.webp,1000x1000,87.1,1:1,Figure-8 Double Handle Tug Rope material and texture detail,https://upload.wikimedia.org/wikipedia/commons/8/86/Homemade_Stuffed_Toy_Dog_-_DPLA_-_5100a1bf66f88d613fa6706b6c3a7b41_%28page_4%29.jpg?utm_source=commons.wikimedia.org&utm_campaign=imageinfo&utm_content=original,Creative Commons / Public Domain,true
p-figure-8-double-handle-rope,Figure-8 Double Handle Tug Rope,4,/products/figure-8-double-handle-rope/image-4.webp,1000x1000,94.7,1:1,Figure-8 Double Handle Tug Rope packaging and scale overview,https://upload.wikimedia.org/wikipedia/commons/7/7f/Little_dog_and_toy.jpg?utm_source=commons.wikimedia.org&utm_campaign=imageinfo&utm_content=original,Creative Commons / Public Domain,true
p-natural-jute-tug-strap,Natural Jute Bite Tug Strap,1,/products/natural-jute-tug-strap/image-1.webp,1000x1000,123.6,1:1,Natural Jute Bite Tug Strap view 1 on clean background,https://upload.wikimedia.org/wikipedia/commons/5/5d/Pikesville_Branch_-_Stuffed_Animal_Story_Time_Sleepover_%288677395433%29.jpg?utm_source=commons.wikimedia.org&utm_campaign=imageinfo&utm_content=original,Creative Commons / Public Domain,true
p-natural-jute-tug-strap,Natural Jute Bite Tug Strap,2,/products/natural-jute-tug-strap/image-2.webp,1000x1000,54.4,1:1,Natural Jute Bite Tug Strap lifestyle in-use play view,https://upload.wikimedia.org/wikipedia/commons/b/ba/Three_cuddly_toys_-_a_doggie%2C_a_larger_fantasy_dog_by_A.C._Muller-van_der_Klift_and_a_dromedary%2C_2020.jpg?utm_source=commons.wikimedia.org&utm_campaign=imageinfo&utm_content=original,Creative Commons / Public Domain,true
p-natural-jute-tug-strap,Natural Jute Bite Tug Strap,3,/products/natural-jute-tug-strap/image-3.webp,1000x1000,173.8,1:1,Natural Jute Bite Tug Strap material and texture detail,https://upload.wikimedia.org/wikipedia/commons/8/8a/Bodleian_Libraries%2C_Roarem_castle._A_game_23.jpg?utm_source=commons.wikimedia.org&utm_campaign=imageinfo&utm_content=original,Creative Commons / Public Domain,true
p-natural-jute-tug-strap,Natural Jute Bite Tug Strap,4,/products/natural-jute-tug-strap/image-4.webp,1000x1000,91.9,1:1,Natural Jute Bite Tug Strap packaging and scale overview,https://upload.wikimedia.org/wikipedia/commons/b/b4/Dog_puzzle_for_mental_stimulation.jpg?utm_source=commons.wikimedia.org&utm_campaign=imageinfo&utm_content=original,Creative Commons / Public Domain,true
p-cotton-tug-ball-with-handle,Cotton Rope Ball with Loop Handle,1,/products/cotton-tug-ball-with-handle/image-1.webp,1000x1000,302.4,1:1,Cotton Rope Ball with Loop Handle view 1 on clean background,https://upload.wikimedia.org/wikipedia/commons/4/45/%28MHNT%29_Arbutus_unedo_%28bark%29_.jpg?utm_source=commons.wikimedia.org&utm_campaign=imageinfo&utm_content=original,Creative Commons / Public Domain,true
p-cotton-tug-ball-with-handle,Cotton Rope Ball with Loop Handle,2,/products/cotton-tug-ball-with-handle/image-2.webp,1000x1000,300.1,1:1,Cotton Rope Ball with Loop Handle lifestyle in-use play view,https://upload.wikimedia.org/wikipedia/commons/0/03/%28MHNT%29_Lagerstroemia_indica_-_Bark_in_winter.jpg?utm_source=commons.wikimedia.org&utm_campaign=imageinfo&utm_content=original,Creative Commons / Public Domain,true
p-cotton-tug-ball-with-handle,Cotton Rope Ball with Loop Handle,3,/products/cotton-tug-ball-with-handle/image-3.webp,1000x1000,356.1,1:1,Cotton Rope Ball with Loop Handle material and texture detail,https://upload.wikimedia.org/wikipedia/commons/a/ab/Ailanthus_altissima_bark_Siemianowice.jpg?utm_source=commons.wikimedia.org&utm_campaign=imageinfo&utm_content=original,Creative Commons / Public Domain,true
p-cotton-tug-ball-with-handle,Cotton Rope Ball with Loop Handle,4,/products/cotton-tug-ball-with-handle/image-4.webp,1000x1000,380.9,1:1,Cotton Rope Ball with Loop Handle packaging and scale overview,https://upload.wikimedia.org/wikipedia/commons/d/d3/Bark_of_Atlas_Cedar.jpg?utm_source=commons.wikimedia.org&utm_campaign=imageinfo&utm_content=original,Creative Commons / Public Domain,true
p-bungee-shock-absorbing-tug-rope,Shock-Absorbing Bungee Tug Rope,1,/products/bungee-shock-absorbing-tug-rope/image-1.webp,1000x1000,373.3,1:1,Shock-Absorbing Bungee Tug Rope view 1 on clean background,https://upload.wikimedia.org/wikipedia/commons/a/a1/Boxwood_Buxus_sempervirens_var._arborescens_Bark_2597px.jpg?utm_source=commons.wikimedia.org&utm_campaign=imageinfo&utm_content=original,Creative Commons / Public Domain,true
p-bungee-shock-absorbing-tug-rope,Shock-Absorbing Bungee Tug Rope,2,/products/bungee-shock-absorbing-tug-rope/image-2.webp,1000x1000,242.5,1:1,Shock-Absorbing Bungee Tug Rope lifestyle in-use play view,https://upload.wikimedia.org/wikipedia/commons/0/03/Carpinus_caroliniana_bark_6_NBG_LR.jpg?utm_source=commons.wikimedia.org&utm_campaign=imageinfo&utm_content=original,Creative Commons / Public Domain,true
p-bungee-shock-absorbing-tug-rope,Shock-Absorbing Bungee Tug Rope,3,/products/bungee-shock-absorbing-tug-rope/image-3.webp,1000x1000,42.4,1:1,Shock-Absorbing Bungee Tug Rope material and texture detail,https://upload.wikimedia.org/wikipedia/commons/2/24/DOY_dog_strategy_toy.png?utm_source=commons.wikimedia.org&utm_campaign=imageinfo&utm_content=original,Creative Commons / Public Domain,true
p-bungee-shock-absorbing-tug-rope,Shock-Absorbing Bungee Tug Rope,4,/products/bungee-shock-absorbing-tug-rope/image-4.webp,1000x1000,186.9,1:1,Shock-Absorbing Bungee Tug Rope packaging and scale overview,https://upload.wikimedia.org/wikipedia/commons/1/12/Hill_Bark_front_2019-2.jpg?utm_source=commons.wikimedia.org&utm_campaign=imageinfo&utm_content=original,Creative Commons / Public Domain,true
p-extra-thick-mammoth-rope-tug,Braided Mammoth Rope Tug (4-Knot),1,/products/extra-thick-mammoth-rope-tug/image-1.webp,1000x1000,388.0,1:1,Braided Mammoth Rope Tug (4-Knot) view 1 on clean background,https://upload.wikimedia.org/wikipedia/commons/a/ae/Kentucky_Coffee_Tree_Gymnocladus_dioicus_Bark_Horizontal.jpg?utm_source=commons.wikimedia.org&utm_campaign=imageinfo&utm_content=original,Creative Commons / Public Domain,true
p-extra-thick-mammoth-rope-tug,Braided Mammoth Rope Tug (4-Knot),2,/products/extra-thick-mammoth-rope-tug/image-2.webp,1000x1000,347.2,1:1,Braided Mammoth Rope Tug (4-Knot) lifestyle in-use play view,https://upload.wikimedia.org/wikipedia/commons/8/85/Kentucky_Coffee_Tree_Gymnocladus_dioicus_Bark_Vertical.jpg?utm_source=commons.wikimedia.org&utm_campaign=imageinfo&utm_content=original,Creative Commons / Public Domain,true
p-extra-thick-mammoth-rope-tug,Braided Mammoth Rope Tug (4-Knot),3,/products/extra-thick-mammoth-rope-tug/image-3.webp,1000x1000,352.9,1:1,Braided Mammoth Rope Tug (4-Knot) material and texture detail,https://upload.wikimedia.org/wikipedia/commons/a/aa/Magnolia_sprengeri_%27Diva%27_Bark_Horizontal.JPG?utm_source=commons.wikimedia.org&utm_campaign=imageinfo&utm_content=original,Creative Commons / Public Domain,true
p-extra-thick-mammoth-rope-tug,Braided Mammoth Rope Tug (4-Knot),4,/products/extra-thick-mammoth-rope-tug/image-4.webp,1000x1000,345.0,1:1,Braided Mammoth Rope Tug (4-Knot) packaging and scale overview,https://upload.wikimedia.org/wikipedia/commons/b/bd/Panicled_goldenraintree_Koelreuteria_paniculata_Trunk_Bark_Closeup.jpg?utm_source=commons.wikimedia.org&utm_campaign=imageinfo&utm_content=original,Creative Commons / Public Domain,true
p-canvas-reinforced-duck-crinkle-plush,Canvas-Reinforced Mallard Duck Plush,1,/products/canvas-reinforced-duck-crinkle-plush/image-1.webp,1000x1000,401.5,1:1,Canvas-Reinforced Mallard Duck Plush view 1 on clean background,https://upload.wikimedia.org/wikipedia/commons/3/3b/Pinus_palustris_bark_30_NBG_LR.jpg?utm_source=commons.wikimedia.org&utm_campaign=imageinfo&utm_content=original,Creative Commons / Public Domain,true
p-canvas-reinforced-duck-crinkle-plush,Canvas-Reinforced Mallard Duck Plush,2,/products/canvas-reinforced-duck-crinkle-plush/image-2.webp,1000x1000,399.5,1:1,Canvas-Reinforced Mallard Duck Plush lifestyle in-use play view,https://upload.wikimedia.org/wikipedia/commons/d/d2/Pinus_palustris_bark_7_NBG_LR.jpg?utm_source=commons.wikimedia.org&utm_campaign=imageinfo&utm_content=original,Creative Commons / Public Domain,true
p-canvas-reinforced-duck-crinkle-plush,Canvas-Reinforced Mallard Duck Plush,3,/products/canvas-reinforced-duck-crinkle-plush/image-3.webp,1000x1000,332.1,1:1,Canvas-Reinforced Mallard Duck Plush material and texture detail,https://upload.wikimedia.org/wikipedia/commons/d/dc/Populus_tremula_bark_Siemianowice.jpg?utm_source=commons.wikimedia.org&utm_campaign=imageinfo&utm_content=original,Creative Commons / Public Domain,true
p-canvas-reinforced-duck-crinkle-plush,Canvas-Reinforced Mallard Duck Plush,4,/products/canvas-reinforced-duck-crinkle-plush/image-4.webp,1000x1000,384.6,1:1,Canvas-Reinforced Mallard Duck Plush packaging and scale overview,https://upload.wikimedia.org/wikipedia/commons/4/41/Slippery_Elm_Ulmus_rubra_Bark_Vertical.JPG?utm_source=commons.wikimedia.org&utm_campaign=imageinfo&utm_content=original,Creative Commons / Public Domain,true
p-stuffless-crinkle-raccoon-toy,Stuffing-Free Flat Raccoon Toy,1,/products/stuffless-crinkle-raccoon-toy/image-1.webp,1000x1000,45.5,1:1,Stuffing-Free Flat Raccoon Toy view 1 on clean background,https://upload.wikimedia.org/wikipedia/commons/6/67/Boston_terrier_with_toy.jpg?utm_source=commons.wikimedia.org&utm_campaign=imageinfo&utm_content=original,Creative Commons / Public Domain,true
p-stuffless-crinkle-raccoon-toy,Stuffing-Free Flat Raccoon Toy,2,/products/stuffless-crinkle-raccoon-toy/image-2.webp,1000x1000,57.1,1:1,Stuffing-Free Flat Raccoon Toy lifestyle in-use play view,https://upload.wikimedia.org/wikipedia/commons/2/24/Cadaver_dog_training_DVIDS267516.jpg?utm_source=commons.wikimedia.org&utm_campaign=imageinfo&utm_content=original,Creative Commons / Public Domain,true
p-stuffless-crinkle-raccoon-toy,Stuffing-Free Flat Raccoon Toy,3,/products/stuffless-crinkle-raccoon-toy/image-3.webp,1000x1000,249.2,1:1,Stuffing-Free Flat Raccoon Toy material and texture detail,https://upload.wikimedia.org/wikipedia/commons/8/8f/DOG_with_CHEW_TOYS_30APR00.jpg?utm_source=commons.wikimedia.org&utm_campaign=imageinfo&utm_content=original,Creative Commons / Public Domain,true
p-stuffless-crinkle-raccoon-toy,Stuffing-Free Flat Raccoon Toy,4,/products/stuffless-crinkle-raccoon-toy/image-4.webp,1000x1000,178.6,1:1,Stuffing-Free Flat Raccoon Toy packaging and scale overview,https://upload.wikimedia.org/wikipedia/commons/4/48/Dog_with_Chew_Toy.png?utm_source=commons.wikimedia.org&utm_campaign=imageinfo&utm_content=original,Creative Commons / Public Domain,true
p-corduroy-textured-fox-squeaker,Corduroy Textured Fox Squeaker Toy,1,/products/corduroy-textured-fox-squeaker/image-1.webp,1000x1000,226.4,1:1,Corduroy Textured Fox Squeaker Toy view 1 on clean background,https://upload.wikimedia.org/wikipedia/commons/4/4f/Sourwood_Oxydendrum_arboreum_Trunk_Bark_2000px.jpg?utm_source=commons.wikimedia.org&utm_campaign=imageinfo&utm_content=original,Creative Commons / Public Domain,true
p-corduroy-textured-fox-squeaker,Corduroy Textured Fox Squeaker Toy,2,/products/corduroy-textured-fox-squeaker/image-2.webp,1000x1000,310.9,1:1,Corduroy Textured Fox Squeaker Toy lifestyle in-use play view,https://upload.wikimedia.org/wikipedia/commons/9/95/Taxus_baccata_bark_Siemianowice.jpg?utm_source=commons.wikimedia.org&utm_campaign=imageinfo&utm_content=original,Creative Commons / Public Domain,true
p-corduroy-textured-fox-squeaker,Corduroy Textured Fox Squeaker Toy,3,/products/corduroy-textured-fox-squeaker/image-3.webp,1000x1000,335.1,1:1,Corduroy Textured Fox Squeaker Toy material and texture detail,https://upload.wikimedia.org/wikipedia/commons/0/04/Two_holes_and_green_leaves_on_the_bark_of_a_tree_trunk_in_the_forest_in_Luang_Prabang_Laos.jpg?utm_source=commons.wikimedia.org&utm_campaign=imageinfo&utm_content=original,Creative Commons / Public Domain,true
p-corduroy-textured-fox-squeaker,Corduroy Textured Fox Squeaker Toy,4,/products/corduroy-textured-fox-squeaker/image-4.webp,1000x1000,214.1,1:1,Corduroy Textured Fox Squeaker Toy packaging and scale overview,https://upload.wikimedia.org/wikipedia/commons/c/c9/The_American_florist_-_a_weekly_journal_for_the_trade_%281901%29_%2818111062436%29.jpg?utm_source=commons.wikimedia.org&utm_campaign=imageinfo&utm_content=original,Creative Commons / Public Domain,true
p-hedgehog-round-squeaker-plush,Round Hedgehog Soft Squeaker Plush,1,/products/hedgehog-round-squeaker-plush/image-1.webp,1000x1000,71.8,1:1,Round Hedgehog Soft Squeaker Plush view 1 on clean background,https://upload.wikimedia.org/wikipedia/commons/e/e9/Adrian_Stoica_%26_Rory-_World_Champions_2014_Skyhoundz_Disc_Dog.png?utm_source=commons.wikimedia.org&utm_campaign=imageinfo&utm_content=original,Creative Commons / Public Domain,true
p-hedgehog-round-squeaker-plush,Round Hedgehog Soft Squeaker Plush,2,/products/hedgehog-round-squeaker-plush/image-2.webp,1000x1000,183.4,1:1,Round Hedgehog Soft Squeaker Plush lifestyle in-use play view,https://upload.wikimedia.org/wikipedia/commons/8/8c/Australian_Cattle_Dog_with_Frisbee_%285009483655%29.jpg?utm_source=commons.wikimedia.org&utm_campaign=imageinfo&utm_content=original,Creative Commons / Public Domain,true
p-hedgehog-round-squeaker-plush,Round Hedgehog Soft Squeaker Plush,3,/products/hedgehog-round-squeaker-plush/image-3.webp,1000x1000,202.4,1:1,Round Hedgehog Soft Squeaker Plush material and texture detail,https://upload.wikimedia.org/wikipedia/commons/b/bb/Australian_Cattle_Dog_with_Frisbee_%285009484429%29.jpg?utm_source=commons.wikimedia.org&utm_campaign=imageinfo&utm_content=original,Creative Commons / Public Domain,true
p-hedgehog-round-squeaker-plush,Round Hedgehog Soft Squeaker Plush,4,/products/hedgehog-round-squeaker-plush/image-4.webp,1000x1000,169.2,1:1,Round Hedgehog Soft Squeaker Plush packaging and scale overview,https://upload.wikimedia.org/wikipedia/commons/8/83/Australian_Cattle_Dog_with_Frisbee_%285010088074%29.jpg?utm_source=commons.wikimedia.org&utm_campaign=imageinfo&utm_content=original,Creative Commons / Public Domain,true
p-soft-lamb-comfort-plush-toy,Soft Lamb Comfort Plush Toy,1,/products/soft-lamb-comfort-plush-toy/image-1.webp,1000x1000,86.2,1:1,Soft Lamb Comfort Plush Toy view 1 on clean background,https://upload.wikimedia.org/wikipedia/commons/e/e7/Dog_with_red_kong.jpg?utm_source=commons.wikimedia.org&utm_campaign=imageinfo&utm_content=original,Creative Commons / Public Domain,true
p-soft-lamb-comfort-plush-toy,Soft Lamb Comfort Plush Toy,2,/products/soft-lamb-comfort-plush-toy/image-2.webp,1000x1000,69.4,1:1,Soft Lamb Comfort Plush Toy lifestyle in-use play view,https://upload.wikimedia.org/wikipedia/commons/3/31/Flickr_-_The_U.S._Army_-_Chew_toy_reward.jpg?utm_source=commons.wikimedia.org&utm_campaign=imageinfo&utm_content=original,Creative Commons / Public Domain,true
p-soft-lamb-comfort-plush-toy,Soft Lamb Comfort Plush Toy,3,/products/soft-lamb-comfort-plush-toy/image-3.webp,1000x1000,50.7,1:1,Soft Lamb Comfort Plush Toy material and texture detail,https://upload.wikimedia.org/wikipedia/commons/6/6e/Gustavo_chewing_squeaky_toy_%28super_cute%29.jpg?utm_source=commons.wikimedia.org&utm_campaign=imageinfo&utm_content=original,Creative Commons / Public Domain,true
p-soft-lamb-comfort-plush-toy,Soft Lamb Comfort Plush Toy,4,/products/soft-lamb-comfort-plush-toy/image-4.webp,1000x1000,137.3,1:1,Soft Lamb Comfort Plush Toy packaging and scale overview,https://upload.wikimedia.org/wikipedia/commons/c/c5/Puppy_playing_with_a_toy_%28Unsplash%29.jpg?utm_source=commons.wikimedia.org&utm_campaign=imageinfo&utm_content=original,Creative Commons / Public Domain,true
p-double-layer-ballistic-bear-plush,Ballistic Nylon Reinforced Bear Plush,1,/products/double-layer-ballistic-bear-plush/image-1.webp,1000x1000,165.4,1:1,Ballistic Nylon Reinforced Bear Plush view 1 on clean background,https://upload.wikimedia.org/wikipedia/commons/b/b9/Australian_Cattle_Dog_with_Frisbee_%285010088468%29.jpg?utm_source=commons.wikimedia.org&utm_campaign=imageinfo&utm_content=original,Creative Commons / Public Domain,true
p-double-layer-ballistic-bear-plush,Ballistic Nylon Reinforced Bear Plush,2,/products/double-layer-ballistic-bear-plush/image-2.webp,1000x1000,183.1,1:1,Ballistic Nylon Reinforced Bear Plush lifestyle in-use play view,https://upload.wikimedia.org/wikipedia/commons/e/ec/Australian_Cattle_Dog_with_Frisbee_%285010089214%29.jpg?utm_source=commons.wikimedia.org&utm_campaign=imageinfo&utm_content=original,Creative Commons / Public Domain,true
p-double-layer-ballistic-bear-plush,Ballistic Nylon Reinforced Bear Plush,3,/products/double-layer-ballistic-bear-plush/image-3.webp,1000x1000,224.2,1:1,Ballistic Nylon Reinforced Bear Plush material and texture detail,https://upload.wikimedia.org/wikipedia/commons/8/87/Australian_Cattle_Dog_with_Frisbee_%285010090122%29.jpg?utm_source=commons.wikimedia.org&utm_campaign=imageinfo&utm_content=original,Creative Commons / Public Domain,true
p-double-layer-ballistic-bear-plush,Ballistic Nylon Reinforced Bear Plush,4,/products/double-layer-ballistic-bear-plush/image-4.webp,1000x1000,182.4,1:1,Ballistic Nylon Reinforced Bear Plush packaging and scale overview,https://upload.wikimedia.org/wikipedia/commons/1/1f/Australian_Cattle_Dog_with_Frisbee_%285010090528%29.jpg?utm_source=commons.wikimedia.org&utm_campaign=imageinfo&utm_content=original,Creative Commons / Public Domain,true
p-iq-treat-dispenser-tumbler-ball,Weighted Base Treat Dispenser Tumbler,1,/products/iq-treat-dispenser-tumbler-ball/image-1.webp,1000x1000,94.6,1:1,Weighted Base Treat Dispenser Tumbler view 1 on clean background,https://upload.wikimedia.org/wikipedia/commons/6/6e/Australian_Cattle_Dog_with_Frisbee_%285010090746%29.jpg?utm_source=commons.wikimedia.org&utm_campaign=imageinfo&utm_content=original,Creative Commons / Public Domain,true
p-iq-treat-dispenser-tumbler-ball,Weighted Base Treat Dispenser Tumbler,2,/products/iq-treat-dispenser-tumbler-ball/image-2.webp,1000x1000,167.2,1:1,Weighted Base Treat Dispenser Tumbler lifestyle in-use play view,https://upload.wikimedia.org/wikipedia/commons/6/6f/Disc_Dog.JPG?utm_source=commons.wikimedia.org&utm_campaign=imageinfo&utm_content=original,Creative Commons / Public Domain,true
p-iq-treat-dispenser-tumbler-ball,Weighted Base Treat Dispenser Tumbler,3,/products/iq-treat-dispenser-tumbler-ball/image-3.webp,1000x1000,50.9,1:1,Weighted Base Treat Dispenser Tumbler material and texture detail,https://upload.wikimedia.org/wikipedia/commons/b/b1/Disc_and_dog.jpg?utm_source=commons.wikimedia.org&utm_campaign=imageinfo&utm_content=original,Creative Commons / Public Domain,true
p-iq-treat-dispenser-tumbler-ball,Weighted Base Treat Dispenser Tumbler,4,/products/iq-treat-dispenser-tumbler-ball/image-4.webp,1000x1000,52.5,1:1,Weighted Base Treat Dispenser Tumbler packaging and scale overview,https://upload.wikimedia.org/wikipedia/commons/2/2a/Dog_disc.jpg?utm_source=commons.wikimedia.org&utm_campaign=imageinfo&utm_content=original,Creative Commons / Public Domain,true
p-textured-silicone-lick-mat-suction,Textured Silicone Lick Mat with Suction Cups,1,/products/textured-silicone-lick-mat-suction/image-1.webp,1000x1000,189.8,1:1,Textured Silicone Lick Mat with Suction Cups view 1 on clean background,https://upload.wikimedia.org/wikipedia/commons/f/fc/Frisbee_contest_during_2006_Dogwood_Festival_in_Piedmont_Park.JPG?utm_source=commons.wikimedia.org&utm_campaign=imageinfo&utm_content=original,Creative Commons / Public Domain,true
p-textured-silicone-lick-mat-suction,Textured Silicone Lick Mat with Suction Cups,2,/products/textured-silicone-lick-mat-suction/image-2.webp,1000x1000,96.6,1:1,Textured Silicone Lick Mat with Suction Cups lifestyle in-use play view,https://upload.wikimedia.org/wikipedia/commons/d/d0/Frisbee_dog.jpg?utm_source=commons.wikimedia.org&utm_campaign=imageinfo&utm_content=original,Creative Commons / Public Domain,true
p-textured-silicone-lick-mat-suction,Textured Silicone Lick Mat with Suction Cups,3,/products/textured-silicone-lick-mat-suction/image-3.webp,1000x1000,146.2,1:1,Textured Silicone Lick Mat with Suction Cups material and texture detail,https://upload.wikimedia.org/wikipedia/commons/9/94/Russel_terrier_frisbee_8307v.jpg?utm_source=commons.wikimedia.org&utm_campaign=imageinfo&utm_content=original,Creative Commons / Public Domain,true
p-textured-silicone-lick-mat-suction,Textured Silicone Lick Mat with Suction Cups,4,/products/textured-silicone-lick-mat-suction/image-4.webp,1000x1000,174.2,1:1,Textured Silicone Lick Mat with Suction Cups packaging and scale overview,https://upload.wikimedia.org/wikipedia/commons/b/bd/Russel_terrier_frisbee_8308v.jpg?utm_source=commons.wikimedia.org&utm_campaign=imageinfo&utm_content=original,Creative Commons / Public Domain,true
p-fleece-snuffle-foraging-play-mat,Fleece Foraging Snuffle Play Mat,1,/products/fleece-snuffle-foraging-play-mat/image-1.webp,1000x1000,223.6,1:1,Fleece Foraging Snuffle Play Mat view 1 on clean background,https://upload.wikimedia.org/wikipedia/commons/1/1a/Russell_terrier_frisbee_8326v.jpg?utm_source=commons.wikimedia.org&utm_campaign=imageinfo&utm_content=original,Creative Commons / Public Domain,true
p-fleece-snuffle-foraging-play-mat,Fleece Foraging Snuffle Play Mat,2,/products/fleece-snuffle-foraging-play-mat/image-2.webp,1000x1000,123.4,1:1,Fleece Foraging Snuffle Play Mat lifestyle in-use play view,https://upload.wikimedia.org/wikipedia/commons/0/00/Border_Collie_discdog_jump.jpg?utm_source=commons.wikimedia.org&utm_campaign=imageinfo&utm_content=original,Creative Commons / Public Domain,true
p-fleece-snuffle-foraging-play-mat,Fleece Foraging Snuffle Play Mat,3,/products/fleece-snuffle-foraging-play-mat/image-3.webp,1000x1000,146.8,1:1,Fleece Foraging Snuffle Play Mat material and texture detail,https://upload.wikimedia.org/wikipedia/commons/3/3c/Demonstration_of_daily_operations_130413-N-WF272-115.jpg?utm_source=commons.wikimedia.org&utm_campaign=imageinfo&utm_content=original,Creative Commons / Public Domain,true
p-fleece-snuffle-foraging-play-mat,Fleece Foraging Snuffle Play Mat,4,/products/fleece-snuffle-foraging-play-mat/image-4.webp,1000x1000,279.7,1:1,Fleece Foraging Snuffle Play Mat packaging and scale overview,https://upload.wikimedia.org/wikipedia/commons/6/61/Golden-retriever-carlos-bei-der-dummyarbeit.jpg?utm_source=commons.wikimedia.org&utm_campaign=imageinfo&utm_content=original,Creative Commons / Public Domain,true
p-slide-and-seek-wooden-puzzle-board,Slide and Seek Wooden Puzzle Board,1,/products/slide-and-seek-wooden-puzzle-board/image-1.webp,1000x1000,50.8,1:1,Slide and Seek Wooden Puzzle Board view 1 on clean background,https://upload.wikimedia.org/wikipedia/commons/5/5d/Military_Working_Dog_Demonstration_%288565646%29.jpg?utm_source=commons.wikimedia.org&utm_campaign=imageinfo&utm_content=original,Creative Commons / Public Domain,true
p-slide-and-seek-wooden-puzzle-board,Slide and Seek Wooden Puzzle Board,2,/products/slide-and-seek-wooden-puzzle-board/image-2.webp,1000x1000,77.8,1:1,Slide and Seek Wooden Puzzle Board lifestyle in-use play view,https://upload.wikimedia.org/wikipedia/commons/d/dd/Military_Working_Dog_Demonstration_%288565647%29.jpg?utm_source=commons.wikimedia.org&utm_campaign=imageinfo&utm_content=original,Creative Commons / Public Domain,true
p-slide-and-seek-wooden-puzzle-board,Slide and Seek Wooden Puzzle Board,3,/products/slide-and-seek-wooden-puzzle-board/image-3.webp,1000x1000,129.8,1:1,Slide and Seek Wooden Puzzle Board material and texture detail,https://upload.wikimedia.org/wikipedia/commons/4/4a/Photograph_of_Buddy_the_Dog_Playing_with_Toys_in_front_of_Betty_Currie%27s_Desk_in_the_Outer_Oval_Office_-_DPLA_-_0af6c66eab894e4e602ec1faa177b9ea.jpg?utm_source=commons.wikimedia.org&utm_campaign=imageinfo&utm_content=original,Creative Commons / Public Domain,true
p-slide-and-seek-wooden-puzzle-board,Slide and Seek Wooden Puzzle Board,4,/products/slide-and-seek-wooden-puzzle-board/image-4.webp,1000x1000,252.2,1:1,Slide and Seek Wooden Puzzle Board packaging and scale overview,https://upload.wikimedia.org/wikipedia/commons/b/bb/U.S._Air_Force_Maj._Iris_Ortiz_Gonzalez%2C_center%2C_a_periodontist%2C_holds_a_toy_dog_as_a_Belizean_girl_brushes_its_tongue_during_a_dental_readiness_training_exercise_as_part_of_New_Horizons_2013_at_a_school_130425-F-HS649-157.jpg?utm_source=commons.wikimedia.org&utm_campaign=imageinfo&utm_content=original,Creative Commons / Public Domain,true
p-slow-feed-spiral-maze-bowl-insert,Spiral Maze Slow Feed Bowl Insert,1,/products/slow-feed-spiral-maze-bowl-insert/image-1.webp,1000x1000,231.1,1:1,Spiral Maze Slow Feed Bowl Insert view 1 on clean background,https://upload.wikimedia.org/wikipedia/commons/9/93/Golden_Retriever_puppy_-_2010.jpg?utm_source=commons.wikimedia.org&utm_campaign=imageinfo&utm_content=original,Creative Commons / Public Domain,true
p-slow-feed-spiral-maze-bowl-insert,Spiral Maze Slow Feed Bowl Insert,2,/products/slow-feed-spiral-maze-bowl-insert/image-2.webp,1000x1000,142.0,1:1,Spiral Maze Slow Feed Bowl Insert lifestyle in-use play view,https://upload.wikimedia.org/wikipedia/commons/2/20/Golden_retriever_gnawing_at_the_farmer%27s_market.jpg?utm_source=commons.wikimedia.org&utm_campaign=imageinfo&utm_content=original,Creative Commons / Public Domain,true
p-slow-feed-spiral-maze-bowl-insert,Spiral Maze Slow Feed Bowl Insert,3,/products/slow-feed-spiral-maze-bowl-insert/image-3.webp,1000x1000,121.0,1:1,Spiral Maze Slow Feed Bowl Insert material and texture detail,https://upload.wikimedia.org/wikipedia/commons/c/c5/List_Breeds_Dog_Show_2026_Ooty_May26_A7CR_10767.jpg?utm_source=commons.wikimedia.org&utm_campaign=imageinfo&utm_content=original,Creative Commons / Public Domain,true
p-slow-feed-spiral-maze-bowl-insert,Spiral Maze Slow Feed Bowl Insert,4,/products/slow-feed-spiral-maze-bowl-insert/image-4.webp,1000x1000,123.5,1:1,Spiral Maze Slow Feed Bowl Insert packaging and scale overview,https://upload.wikimedia.org/wikipedia/commons/1/1c/Idogs.jpg?utm_source=commons.wikimedia.org&utm_campaign=imageinfo&utm_content=original,Creative Commons / Public Domain,true
p-rubber-grooved-treat-dispenser-bone,Rubber Grooved Treat Holding Bone,1,/products/rubber-grooved-treat-dispenser-bone/image-1.webp,1000x1000,191.5,1:1,Rubber Grooved Treat Holding Bone view 1 on clean background,https://upload.wikimedia.org/wikipedia/commons/2/25/%22Fetch%21%22_%2811893471576%29.jpg?utm_source=commons.wikimedia.org&utm_campaign=imageinfo&utm_content=original,Creative Commons / Public Domain,true
p-rubber-grooved-treat-dispenser-bone,Rubber Grooved Treat Holding Bone,2,/products/rubber-grooved-treat-dispenser-bone/image-2.webp,1000x1000,178.0,1:1,Rubber Grooved Treat Holding Bone lifestyle in-use play view,https://upload.wikimedia.org/wikipedia/commons/a/ad/20_1224_Fetch_small.jpg?utm_source=commons.wikimedia.org&utm_campaign=imageinfo&utm_content=original,Creative Commons / Public Domain,true
p-rubber-grooved-treat-dispenser-bone,Rubber Grooved Treat Holding Bone,3,/products/rubber-grooved-treat-dispenser-bone/image-3.webp,1000x1000,101.2,1:1,Rubber Grooved Treat Holding Bone material and texture detail,https://upload.wikimedia.org/wikipedia/commons/5/57/Fetch_%287118896039%29.jpg?utm_source=commons.wikimedia.org&utm_campaign=imageinfo&utm_content=original,Creative Commons / Public Domain,true
p-rubber-grooved-treat-dispenser-bone,Rubber Grooved Treat Holding Bone,4,/products/rubber-grooved-treat-dispenser-bone/image-4.webp,1000x1000,221.1,1:1,Rubber Grooved Treat Holding Bone packaging and scale overview,https://upload.wikimedia.org/wikipedia/commons/a/a7/Brehm%27s_Life_of_animals_-_a_complete_natural_history_for_popular_home_instruction_and_for_the_use_of_schools._Mammalia_%281896%29_%2820226692449%29.jpg?utm_source=commons.wikimedia.org&utm_campaign=imageinfo&utm_content=original,Creative Commons / Public Domain,true
p-water-retrieval-foam-dummy-rope,Floating Water Retrieval Dummy with Rope,1,/products/water-retrieval-foam-dummy-rope/image-1.webp,1000x1000,98.6,1:1,Floating Water Retrieval Dummy with Rope view 1 on clean background,https://upload.wikimedia.org/wikipedia/commons/4/4f/Military_working_dogs_participate_in_aquatics_training_%289548479%29.jpg?utm_source=commons.wikimedia.org&utm_campaign=imageinfo&utm_content=original,Creative Commons / Public Domain,true
p-water-retrieval-foam-dummy-rope,Floating Water Retrieval Dummy with Rope,2,/products/water-retrieval-foam-dummy-rope/image-2.webp,1000x1000,341.4,1:1,Floating Water Retrieval Dummy with Rope lifestyle in-use play view,https://upload.wikimedia.org/wikipedia/commons/b/b6/The_animals_of_the_world._Brehm%27s_life_of_animals%3B_%281895%29_%2820585994110%29.jpg?utm_source=commons.wikimedia.org&utm_campaign=imageinfo&utm_content=original,Creative Commons / Public Domain,true
p-water-retrieval-foam-dummy-rope,Floating Water Retrieval Dummy with Rope,3,/products/water-retrieval-foam-dummy-rope/image-3.webp,1000x1000,150.4,1:1,Floating Water Retrieval Dummy with Rope material and texture detail,https://upload.wikimedia.org/wikipedia/commons/b/bc/A_dog_jumping_through_a_ring_of_fire_at_a_Republic_Day_celebration_in_Nagapattinam.jpg?utm_source=commons.wikimedia.org&utm_campaign=imageinfo&utm_content=original,Creative Commons / Public Domain,true
p-water-retrieval-foam-dummy-rope,Floating Water Retrieval Dummy with Rope,4,/products/water-retrieval-foam-dummy-rope/image-4.webp,1000x1000,337.6,1:1,Floating Water Retrieval Dummy with Rope packaging and scale overview,https://upload.wikimedia.org/wikipedia/commons/b/bd/Agility_Tounier.JPG?utm_source=commons.wikimedia.org&utm_campaign=imageinfo&utm_content=original,Creative Commons / Public Domain,true
p-floating-neoprene-splash-bone,Floating Neoprene Splash Bone,1,/products/floating-neoprene-splash-bone/image-1.webp,1000x1000,79.3,1:1,Floating Neoprene Splash Bone view 1 on clean background,https://upload.wikimedia.org/wikipedia/commons/f/f7/Cane_davanti_al_tunnel_agility_nell%E2%80%99area_cani_dei_Giardini_pubblici_Indro_Montanelli%2C_Milano.jpg?utm_source=commons.wikimedia.org&utm_campaign=imageinfo&utm_content=original,Creative Commons / Public Domain,true
p-floating-neoprene-splash-bone,Floating Neoprene Splash Bone,2,/products/floating-neoprene-splash-bone/image-2.webp,1000x1000,102.0,1:1,Floating Neoprene Splash Bone lifestyle in-use play view,https://upload.wikimedia.org/wikipedia/commons/1/1f/Chinese_Crested_hairless_agility.jpg?utm_source=commons.wikimedia.org&utm_campaign=imageinfo&utm_content=original,Creative Commons / Public Domain,true
p-floating-neoprene-splash-bone,Floating Neoprene Splash Bone,3,/products/floating-neoprene-splash-bone/image-3.webp,1000x1000,154.3,1:1,Floating Neoprene Splash Bone material and texture detail,https://upload.wikimedia.org/wikipedia/commons/7/77/Dog_Agility_2019%2C_MW.jpg?utm_source=commons.wikimedia.org&utm_campaign=imageinfo&utm_content=original,Creative Commons / Public Domain,true
p-floating-neoprene-splash-bone,Floating Neoprene Splash Bone,4,/products/floating-neoprene-splash-bone/image-4.webp,1000x1000,44.1,1:1,Floating Neoprene Splash Bone packaging and scale overview,https://upload.wikimedia.org/wikipedia/commons/6/68/Dog_Agility_Training_03.jpg?utm_source=commons.wikimedia.org&utm_campaign=imageinfo&utm_content=original,Creative Commons / Public Domain,true
p-hydro-floating-rubber-ball-rope,Hydro Floating Rubber Ball with Leash Handle,1,/products/hydro-floating-rubber-ball-rope/image-1.webp,1000x1000,127.4,1:1,Hydro Floating Rubber Ball with Leash Handle view 1 on clean background,https://upload.wikimedia.org/wikipedia/commons/2/2a/Ball_Track_Cat_Toy_1_2017-01-13.jpg?utm_source=commons.wikimedia.org&utm_campaign=imageinfo&utm_content=original,Creative Commons / Public Domain,true
p-hydro-floating-rubber-ball-rope,Hydro Floating Rubber Ball with Leash Handle,2,/products/hydro-floating-rubber-ball-rope/image-2.webp,1000x1000,132.4,1:1,Hydro Floating Rubber Ball with Leash Handle lifestyle in-use play view,https://upload.wikimedia.org/wikipedia/commons/2/24/Ball_Track_Cat_Toy_2_2017-01-13.jpg?utm_source=commons.wikimedia.org&utm_campaign=imageinfo&utm_content=original,Creative Commons / Public Domain,true
p-hydro-floating-rubber-ball-rope,Hydro Floating Rubber Ball with Leash Handle,3,/products/hydro-floating-rubber-ball-rope/image-3.webp,1000x1000,174.8,1:1,Hydro Floating Rubber Ball with Leash Handle material and texture detail,https://upload.wikimedia.org/wikipedia/commons/7/78/Miss_Worth_as_Clear_the_Track%2C_from_the_series_Fancy_Dress_Ball_Costumes_%28N73%29_for_Duke_brand_cigarettes_MET_DPB882750.jpg?utm_source=commons.wikimedia.org&utm_campaign=imageinfo&utm_content=original,Creative Commons / Public Domain,true
p-hydro-floating-rubber-ball-rope,Hydro Floating Rubber Ball with Leash Handle,4,/products/hydro-floating-rubber-ball-rope/image-4.webp,1000x1000,206.4,1:1,Hydro Floating Rubber Ball with Leash Handle packaging and scale overview,https://upload.wikimedia.org/wikipedia/commons/a/ae/2020-04-14_%E2%80%94_Cat_playing_with_ball_chaser_toy.jpg?utm_source=commons.wikimedia.org&utm_campaign=imageinfo&utm_content=original,Creative Commons / Public Domain,true
p-floating-aerodynamic-splash-ring,Floating Aerodynamic Splash Ring,1,/products/floating-aerodynamic-splash-ring/image-1.webp,1000x1000,216.5,1:1,Floating Aerodynamic Splash Ring view 1 on clean background,https://upload.wikimedia.org/wikipedia/commons/9/9e/Dog_agility_at_the_North_Somerset_Show_-_geograph.org.uk_-_7532170.jpg?utm_source=commons.wikimedia.org&utm_campaign=imageinfo&utm_content=original,Creative Commons / Public Domain,true
p-floating-aerodynamic-splash-ring,Floating Aerodynamic Splash Ring,2,/products/floating-aerodynamic-splash-ring/image-2.webp,1000x1000,132.4,1:1,Floating Aerodynamic Splash Ring lifestyle in-use play view,https://upload.wikimedia.org/wikipedia/commons/d/df/Dog_agility_course_at_the_Balloon_Tree_-_geograph.org.uk_-_8213384.jpg?utm_source=commons.wikimedia.org&utm_campaign=imageinfo&utm_content=original,Creative Commons / Public Domain,true
p-floating-aerodynamic-splash-ring,Floating Aerodynamic Splash Ring,3,/products/floating-aerodynamic-splash-ring/image-3.webp,1000x1000,118.4,1:1,Floating Aerodynamic Splash Ring material and texture detail,https://upload.wikimedia.org/wikipedia/commons/5/55/Dog_agility_field_-_geograph.org.uk_-_8164731.jpg?utm_source=commons.wikimedia.org&utm_campaign=imageinfo&utm_content=original,Creative Commons / Public Domain,true
p-floating-aerodynamic-splash-ring,Floating Aerodynamic Splash Ring,4,/products/floating-aerodynamic-splash-ring/image-4.webp,1000x1000,213.0,1:1,Floating Aerodynamic Splash Ring packaging and scale overview,https://upload.wikimedia.org/wikipedia/commons/7/72/Dog_agility_obstacle_course_installed_as_a_part_of_Eagle_Scout_project_%286308323%29.jpg?utm_source=commons.wikimedia.org&utm_campaign=imageinfo&utm_content=original,Creative Commons / Public Domain,true
p-waterproof-floating-stick-toy,Waterproof Floating Fetch Stick,1,/products/waterproof-floating-stick-toy/image-1.webp,1000x1000,121.5,1:1,Waterproof Floating Fetch Stick view 1 on clean background,https://upload.wikimedia.org/wikipedia/commons/8/8b/US_Navy_070329-N-4965F-003_Military_working_dog%2C_Arpi%2C_a_5-year-old_German_Sheppard%2C_catches_a_chew_toy_in_mid-air_thrown_by_Master-at-Arms_1st_Class_Doug_Johnson.jpg?utm_source=commons.wikimedia.org&utm_campaign=imageinfo&utm_content=original,Creative Commons / Public Domain,true
p-waterproof-floating-stick-toy,Waterproof Floating Fetch Stick,2,/products/waterproof-floating-stick-toy/image-2.webp,1000x1000,55.2,1:1,Waterproof Floating Fetch Stick lifestyle in-use play view,https://upload.wikimedia.org/wikipedia/commons/a/a4/Chonchote.JPG?utm_source=commons.wikimedia.org&utm_campaign=imageinfo&utm_content=original,Creative Commons / Public Domain,true
p-waterproof-floating-stick-toy,Waterproof Floating Fetch Stick,3,/products/waterproof-floating-stick-toy/image-3.webp,1000x1000,116.7,1:1,Waterproof Floating Fetch Stick material and texture detail,https://upload.wikimedia.org/wikipedia/commons/0/0d/Dog_playing_with_a_Christmas_present.jpg?utm_source=commons.wikimedia.org&utm_campaign=imageinfo&utm_content=original,Creative Commons / Public Domain,true
p-waterproof-floating-stick-toy,Waterproof Floating Fetch Stick,4,/products/waterproof-floating-stick-toy/image-4.webp,1000x1000,162.6,1:1,Waterproof Floating Fetch Stick packaging and scale overview,https://upload.wikimedia.org/wikipedia/commons/a/a8/Rory_On_Brandon_Hill.jpg?utm_source=commons.wikimedia.org&utm_campaign=imageinfo&utm_content=original,Creative Commons / Public Domain,true
p-buoyant-rope-knot-floating-toy,Buoyant Marine Rope Knot Toy,1,/products/buoyant-rope-knot-floating-toy/image-1.webp,1000x1000,126.2,1:1,Buoyant Marine Rope Knot Toy view 1 on clean background,https://upload.wikimedia.org/wikipedia/commons/d/d3/A_Beagle_sitting_with_a_stuffed_toy_in_her_mouth.jpg?utm_source=commons.wikimedia.org&utm_campaign=imageinfo&utm_content=original,Creative Commons / Public Domain,true
p-buoyant-rope-knot-floating-toy,Buoyant Marine Rope Knot Toy,2,/products/buoyant-rope-knot-floating-toy/image-2.webp,1000x1000,195.0,1:1,Buoyant Marine Rope Knot Toy lifestyle in-use play view,https://upload.wikimedia.org/wikipedia/commons/c/ce/A_Beagle_sleeping_cuddling_with_a_Beagle_stuffed_toy.jpg?utm_source=commons.wikimedia.org&utm_campaign=imageinfo&utm_content=original,Creative Commons / Public Domain,true
p-buoyant-rope-knot-floating-toy,Buoyant Marine Rope Knot Toy,3,/products/buoyant-rope-knot-floating-toy/image-3.webp,1000x1000,102.8,1:1,Buoyant Marine Rope Knot Toy material and texture detail,https://upload.wikimedia.org/wikipedia/commons/b/b3/Beagle_with_a_beagle_stuffed_toy.jpg?utm_source=commons.wikimedia.org&utm_campaign=imageinfo&utm_content=original,Creative Commons / Public Domain,true
p-buoyant-rope-knot-floating-toy,Buoyant Marine Rope Knot Toy,4,/products/buoyant-rope-knot-floating-toy/image-4.webp,1000x1000,164.6,1:1,Buoyant Marine Rope Knot Toy packaging and scale overview,https://upload.wikimedia.org/wikipedia/commons/f/fc/Beagle_with_a_penguin_stuffed_toy.jpg?utm_source=commons.wikimedia.org&utm_campaign=imageinfo&utm_content=original,Creative Commons / Public Domain,true
p-motion-activated-giggle-ball,Internal Sound Tube Rolling Giggle Ball,1,/products/motion-activated-giggle-ball/image-1.webp,1000x1000,120.4,1:1,Internal Sound Tube Rolling Giggle Ball view 1 on clean background,https://upload.wikimedia.org/wikipedia/commons/3/39/Eponine_my_cat.jpg?utm_source=commons.wikimedia.org&utm_campaign=imageinfo&utm_content=original,Creative Commons / Public Domain,true
p-motion-activated-giggle-ball,Internal Sound Tube Rolling Giggle Ball,2,/products/motion-activated-giggle-ball/image-2.webp,1000x1000,190.2,1:1,Internal Sound Tube Rolling Giggle Ball lifestyle in-use play view,https://upload.wikimedia.org/wikipedia/commons/3/3d/Dog_agility_obstacle_course_installed_as_a_part_of_Eagle_Scout_project_%286308326%29.jpg?utm_source=commons.wikimedia.org&utm_campaign=imageinfo&utm_content=original,Creative Commons / Public Domain,true
p-motion-activated-giggle-ball,Internal Sound Tube Rolling Giggle Ball,3,/products/motion-activated-giggle-ball/image-3.webp,1000x1000,315.6,1:1,Internal Sound Tube Rolling Giggle Ball material and texture detail,https://upload.wikimedia.org/wikipedia/commons/6/6b/Dog_agility_obstacle_course_installed_as_a_part_of_Eagle_Scout_project_%286308327%29.jpg?utm_source=commons.wikimedia.org&utm_campaign=imageinfo&utm_content=original,Creative Commons / Public Domain,true
p-motion-activated-giggle-ball,Internal Sound Tube Rolling Giggle Ball,4,/products/motion-activated-giggle-ball/image-4.webp,1000x1000,232.5,1:1,Internal Sound Tube Rolling Giggle Ball packaging and scale overview,https://upload.wikimedia.org/wikipedia/commons/e/ea/Dog_agility_obstacle_course_installed_as_a_part_of_Eagle_Scout_project_%286308329%29.jpg?utm_source=commons.wikimedia.org&utm_campaign=imageinfo&utm_content=original,Creative Commons / Public Domain,true
p-automatic-rolling-active-dog-ball,Rechargeable Self-Rolling Activity Ball,1,/products/automatic-rolling-active-dog-ball/image-1.webp,1000x1000,125.9,1:1,Rechargeable Self-Rolling Activity Ball view 1 on clean background,https://upload.wikimedia.org/wikipedia/commons/0/03/Dog_agility_obstacle_course_installed_as_a_part_of_Eagle_Scout_project_%286308331%29.jpg?utm_source=commons.wikimedia.org&utm_campaign=imageinfo&utm_content=original,Creative Commons / Public Domain,true
p-automatic-rolling-active-dog-ball,Rechargeable Self-Rolling Activity Ball,2,/products/automatic-rolling-active-dog-ball/image-2.webp,1000x1000,256.4,1:1,Rechargeable Self-Rolling Activity Ball lifestyle in-use play view,https://upload.wikimedia.org/wikipedia/commons/5/5c/Dog_agility_obstacle_course_installed_as_a_part_of_Eagle_Scout_project_%286308332%29.jpg?utm_source=commons.wikimedia.org&utm_campaign=imageinfo&utm_content=original,Creative Commons / Public Domain,true
p-automatic-rolling-active-dog-ball,Rechargeable Self-Rolling Activity Ball,3,/products/automatic-rolling-active-dog-ball/image-3.webp,1000x1000,417.3,1:1,Rechargeable Self-Rolling Activity Ball material and texture detail,https://upload.wikimedia.org/wikipedia/commons/e/e1/Dog_agility_obstacle_course_installed_as_a_part_of_Eagle_Scout_project_%286308334%29.jpg?utm_source=commons.wikimedia.org&utm_campaign=imageinfo&utm_content=original,Creative Commons / Public Domain,true
p-automatic-rolling-active-dog-ball,Rechargeable Self-Rolling Activity Ball,4,/products/automatic-rolling-active-dog-ball/image-4.webp,1000x1000,234.2,1:1,Rechargeable Self-Rolling Activity Ball packaging and scale overview,https://upload.wikimedia.org/wikipedia/commons/a/a5/Dog_agility_stuff.jpg?utm_source=commons.wikimedia.org&utm_campaign=imageinfo&utm_content=original,Creative Commons / Public Domain,true
p-sound-activated-wobble-tumbler,Touch-Activated Sound Wobble Tumbler,1,/products/sound-activated-wobble-tumbler/image-1.webp,1000x1000,125.7,1:1,Touch-Activated Sound Wobble Tumbler view 1 on clean background,https://upload.wikimedia.org/wikipedia/commons/b/bf/Jury_agility_666.jpg?utm_source=commons.wikimedia.org&utm_campaign=imageinfo&utm_content=original,Creative Commons / Public Domain,true
p-sound-activated-wobble-tumbler,Touch-Activated Sound Wobble Tumbler,2,/products/sound-activated-wobble-tumbler/image-2.webp,1000x1000,137.0,1:1,Touch-Activated Sound Wobble Tumbler lifestyle in-use play view,https://upload.wikimedia.org/wikipedia/commons/c/c2/Moncofa_agility_curcuit_entrance.jpg?utm_source=commons.wikimedia.org&utm_campaign=imageinfo&utm_content=original,Creative Commons / Public Domain,true
p-sound-activated-wobble-tumbler,Touch-Activated Sound Wobble Tumbler,3,/products/sound-activated-wobble-tumbler/image-3.webp,1000x1000,216.2,1:1,Touch-Activated Sound Wobble Tumbler material and texture detail,https://upload.wikimedia.org/wikipedia/commons/9/9a/Moncofa_dog_agility_circuit.jpg?utm_source=commons.wikimedia.org&utm_campaign=imageinfo&utm_content=original,Creative Commons / Public Domain,true
p-sound-activated-wobble-tumbler,Touch-Activated Sound Wobble Tumbler,4,/products/sound-activated-wobble-tumbler/image-4.webp,1000x1000,353.2,1:1,Touch-Activated Sound Wobble Tumbler packaging and scale overview,https://upload.wikimedia.org/wikipedia/commons/d/d7/O%27Halloran_Park_Dog_Agility_Track.jpg?utm_source=commons.wikimedia.org&utm_campaign=imageinfo&utm_content=original,Creative Commons / Public Domain,true
p-fluttering-tail-motorized-dog-toy,Motorized Fluttering Tail Floor Toy,1,/products/fluttering-tail-motorized-dog-toy/image-1.webp,1000x1000,71.8,1:1,Motorized Fluttering Tail Floor Toy view 1 on clean background,https://upload.wikimedia.org/wikipedia/commons/8/84/Beagle_with_a_penguin_stuffed_toy_in_her_mouth.jpg?utm_source=commons.wikimedia.org&utm_campaign=imageinfo&utm_content=original,Creative Commons / Public Domain,true
p-fluttering-tail-motorized-dog-toy,Motorized Fluttering Tail Floor Toy,2,/products/fluttering-tail-motorized-dog-toy/image-2.webp,1000x1000,20.2,1:1,Motorized Fluttering Tail Floor Toy lifestyle in-use play view,https://upload.wikimedia.org/wikipedia/commons/3/34/Dog%2C_toy_%28AM_2013.51.31-1%29.jpg?utm_source=commons.wikimedia.org&utm_campaign=imageinfo&utm_content=original,Creative Commons / Public Domain,true
p-fluttering-tail-motorized-dog-toy,Motorized Fluttering Tail Floor Toy,3,/products/fluttering-tail-motorized-dog-toy/image-3.webp,1000x1000,43.0,1:1,Motorized Fluttering Tail Floor Toy material and texture detail,https://upload.wikimedia.org/wikipedia/commons/8/8a/Dog%2C_toy_%28AM_2013.51.31-2%29.jpg?utm_source=commons.wikimedia.org&utm_campaign=imageinfo&utm_content=original,Creative Commons / Public Domain,true
p-fluttering-tail-motorized-dog-toy,Motorized Fluttering Tail Floor Toy,4,/products/fluttering-tail-motorized-dog-toy/image-4.webp,1000x1000,19.2,1:1,Motorized Fluttering Tail Floor Toy packaging and scale overview,https://upload.wikimedia.org/wikipedia/commons/3/37/Rabbit%2C_toy_%28AM_2013.51.29-1%29.jpg?utm_source=commons.wikimedia.org&utm_campaign=imageinfo&utm_content=original,Creative Commons / Public Domain,true
p-scent-compartment-puzzle-ball,Aroma Vent Scent Puzzle Ball,1,/products/scent-compartment-puzzle-ball/image-1.webp,1000x1000,170.2,1:1,Aroma Vent Scent Puzzle Ball view 1 on clean background,https://upload.wikimedia.org/wikipedia/commons/5/55/Percorso_di_agility_dog_nell%E2%80%99area_cani_di_Via_Combattente_e_Reduce_ad_Arona.jpg?utm_source=commons.wikimedia.org&utm_campaign=imageinfo&utm_content=original,Creative Commons / Public Domain,true
p-scent-compartment-puzzle-ball,Aroma Vent Scent Puzzle Ball,2,/products/scent-compartment-puzzle-ball/image-2.webp,1000x1000,131.4,1:1,Aroma Vent Scent Puzzle Ball lifestyle in-use play view,https://upload.wikimedia.org/wikipedia/commons/9/90/Canada%2C_Britain%27s_largest_colony%3B_with_a_chapter_on_Newfoundland_and_Labrador%3B_%281904%29_%2814759995376%29.jpg?utm_source=commons.wikimedia.org&utm_campaign=imageinfo&utm_content=original,Creative Commons / Public Domain,true
p-scent-compartment-puzzle-ball,Aroma Vent Scent Puzzle Ball,3,/products/scent-compartment-puzzle-ball/image-3.webp,1000x1000,296.5,1:1,Aroma Vent Scent Puzzle Ball material and texture detail,https://upload.wikimedia.org/wikipedia/commons/f/f4/Canada_Games_sign_at_St._Pat%E2%80%99s_Ball_Park%2C_June_11%2C_2026.jpg?utm_source=commons.wikimedia.org&utm_campaign=imageinfo&utm_content=original,Creative Commons / Public Domain,true
p-scent-compartment-puzzle-ball,Aroma Vent Scent Puzzle Ball,4,/products/scent-compartment-puzzle-ball/image-4.webp,1000x1000,316.5,1:1,Aroma Vent Scent Puzzle Ball packaging and scale overview,https://upload.wikimedia.org/wikipedia/commons/b/b5/Down_North_on_the_Labrador_%281911%29_%2814579633219%29.jpg?utm_source=commons.wikimedia.org&utm_campaign=imageinfo&utm_content=original,Creative Commons / Public Domain,true
p-electronic-laser-chase-tumbler-dog,Automated Random Floor Laser Chaser,1,/products/electronic-laser-chase-tumbler-dog/image-1.webp,1000x1000,246.1,1:1,Automated Random Floor Laser Chaser view 1 on clean background,https://upload.wikimedia.org/wikipedia/commons/7/71/Brandywine_Valley_Scenic_Byway_-_Delaware_Toy_and_Miniature_Museum_Next_to_Hagley_Museum_-_NARA_-_7717493.jpg?utm_source=commons.wikimedia.org&utm_campaign=imageinfo&utm_content=original,Creative Commons / Public Domain,true
p-electronic-laser-chase-tumbler-dog,Automated Random Floor Laser Chaser,2,/products/electronic-laser-chase-tumbler-dog/image-2.webp,1000x1000,130.6,1:1,Automated Random Floor Laser Chaser lifestyle in-use play view,https://upload.wikimedia.org/wikipedia/commons/9/9b/Copy_Cat_by_Tiger_Electronic_Toys%2C_Model_No._7-520%2C_Made_In_Taiwan%2C_Takes_a_9-Volt_Battery%2C_Copyright_1979_%28Handheld_Electronic_Game%29.jpg?utm_source=commons.wikimedia.org&utm_campaign=imageinfo&utm_content=original,Creative Commons / Public Domain,true
p-electronic-laser-chase-tumbler-dog,Automated Random Floor Laser Chaser,3,/products/electronic-laser-chase-tumbler-dog/image-3.webp,1000x1000,53.5,1:1,Automated Random Floor Laser Chaser material and texture detail,https://upload.wikimedia.org/wikipedia/commons/5/51/Icat_black.jpg?utm_source=commons.wikimedia.org&utm_campaign=imageinfo&utm_content=original,Creative Commons / Public Domain,true
p-electronic-laser-chase-tumbler-dog,Automated Random Floor Laser Chaser,4,/products/electronic-laser-chase-tumbler-dog/image-4.webp,1000x1000,264.3,1:1,Automated Random Floor Laser Chaser packaging and scale overview,https://upload.wikimedia.org/wikipedia/commons/8/82/Science_Fair_150in1_Electronic_Project_Kit.jpg?utm_source=commons.wikimedia.org&utm_campaign=imageinfo&utm_content=original,Creative Commons / Public Domain,true
p-soft-rubber-puppy-teething-bone,Soft Rubber Puppy Teething Bone,1,/products/soft-rubber-puppy-teething-bone/image-1.webp,1000x1000,222.3,1:1,Soft Rubber Puppy Teething Bone view 1 on clean background,https://upload.wikimedia.org/wikipedia/commons/7/7c/Chiot_Norwich_terrier.jpg?utm_source=commons.wikimedia.org&utm_campaign=imageinfo&utm_content=original,Creative Commons / Public Domain,true
p-soft-rubber-puppy-teething-bone,Soft Rubber Puppy Teething Bone,2,/products/soft-rubber-puppy-teething-bone/image-2.webp,1000x1000,152.8,1:1,Soft Rubber Puppy Teething Bone lifestyle in-use play view,https://upload.wikimedia.org/wikipedia/commons/b/b4/%22_15_-_ITALY_-_Golden_Retriver_puppy_in_Italy_-_dog_eat_or_chews_rubber.jpg?utm_source=commons.wikimedia.org&utm_campaign=imageinfo&utm_content=original,Creative Commons / Public Domain,true
p-soft-rubber-puppy-teething-bone,Soft Rubber Puppy Teething Bone,3,/products/soft-rubber-puppy-teething-bone/image-3.webp,1000x1000,85.1,1:1,Soft Rubber Puppy Teething Bone material and texture detail,https://upload.wikimedia.org/wikipedia/commons/2/21/Beagle_Puppy_chewing_a_dollhouse.jpg?utm_source=commons.wikimedia.org&utm_campaign=imageinfo&utm_content=original,Creative Commons / Public Domain,true
p-soft-rubber-puppy-teething-bone,Soft Rubber Puppy Teething Bone,4,/products/soft-rubber-puppy-teething-bone/image-4.webp,1000x1000,76.7,1:1,Soft Rubber Puppy Teething Bone packaging and scale overview,https://upload.wikimedia.org/wikipedia/commons/3/3f/Chewing_grey_labrador_puppy.jpg?utm_source=commons.wikimedia.org&utm_campaign=imageinfo&utm_content=original,Creative Commons / Public Domain,true
p-freezable-teething-cooling-ring,Freezable Water-Filled Teething Cooling Ring,1,/products/freezable-teething-cooling-ring/image-1.webp,1000x1000,76.1,1:1,Freezable Water-Filled Teething Cooling Ring view 1 on clean background,https://upload.wikimedia.org/wikipedia/commons/e/e7/Chewing_grey_labrador_puppy_2.jpg?utm_source=commons.wikimedia.org&utm_campaign=imageinfo&utm_content=original,Creative Commons / Public Domain,true
p-freezable-teething-cooling-ring,Freezable Water-Filled Teething Cooling Ring,2,/products/freezable-teething-cooling-ring/image-2.webp,1000x1000,117.8,1:1,Freezable Water-Filled Teething Cooling Ring lifestyle in-use play view,https://upload.wikimedia.org/wikipedia/commons/8/80/Chewy_Puppy.jpg?utm_source=commons.wikimedia.org&utm_campaign=imageinfo&utm_content=original,Creative Commons / Public Domain,true
p-freezable-teething-cooling-ring,Freezable Water-Filled Teething Cooling Ring,3,/products/freezable-teething-cooling-ring/image-3.webp,1000x1000,118.0,1:1,Freezable Water-Filled Teething Cooling Ring material and texture detail,https://upload.wikimedia.org/wikipedia/commons/f/f2/Choclolate_Labrador_Retriever_puppy_12_weeks.jpg?utm_source=commons.wikimedia.org&utm_campaign=imageinfo&utm_content=original,Creative Commons / Public Domain,true
p-freezable-teething-cooling-ring,Freezable Water-Filled Teething Cooling Ring,4,/products/freezable-teething-cooling-ring/image-4.webp,1000x1000,125.2,1:1,Freezable Water-Filled Teething Cooling Ring packaging and scale overview,https://upload.wikimedia.org/wikipedia/commons/0/01/GD_puppy_with_Tasty_Stick.jpg?utm_source=commons.wikimedia.org&utm_campaign=imageinfo&utm_content=original,Creative Commons / Public Domain,true
p-textured-puppy-teething-keys-ring,Textured Puppy Teething Key Ring,1,/products/textured-puppy-teething-keys-ring/image-1.webp,1000x1000,54.2,1:1,Textured Puppy Teething Key Ring view 1 on clean background,https://upload.wikimedia.org/wikipedia/commons/1/13/German_Shepherd_Puppies.jpg?utm_source=commons.wikimedia.org&utm_campaign=imageinfo&utm_content=original,Creative Commons / Public Domain,true
p-textured-puppy-teething-keys-ring,Textured Puppy Teething Key Ring,2,/products/textured-puppy-teething-keys-ring/image-2.webp,1000x1000,102.9,1:1,Textured Puppy Teething Key Ring lifestyle in-use play view,https://upload.wikimedia.org/wikipedia/commons/0/00/Golden_Retriever_Puppy_Chew_Challenge.jpg?utm_source=commons.wikimedia.org&utm_campaign=imageinfo&utm_content=original,Creative Commons / Public Domain,true
p-textured-puppy-teething-keys-ring,Textured Puppy Teething Key Ring,3,/products/textured-puppy-teething-keys-ring/image-3.webp,1000x1000,106.3,1:1,Textured Puppy Teething Key Ring material and texture detail,https://upload.wikimedia.org/wikipedia/commons/3/31/Pineconeater.jpg?utm_source=commons.wikimedia.org&utm_campaign=imageinfo&utm_content=original,Creative Commons / Public Domain,true
p-textured-puppy-teething-keys-ring,Textured Puppy Teething Key Ring,4,/products/textured-puppy-teething-keys-ring/image-4.webp,1000x1000,68.4,1:1,Textured Puppy Teething Key Ring packaging and scale overview,https://upload.wikimedia.org/wikipedia/commons/4/41/Sasha_the_St._Bernard.jpg?utm_source=commons.wikimedia.org&utm_campaign=imageinfo&utm_content=original,Creative Commons / Public Domain,true
p-mini-cotton-puppy-rope-knot,Mini Cotton Puppy Rope Knot,1,/products/mini-cotton-puppy-rope-knot/image-1.webp,1000x1000,48.3,1:1,Mini Cotton Puppy Rope Knot view 1 on clean background,https://upload.wikimedia.org/wikipedia/commons/2/20/Shih_Tzu_puppy_wonton_chewing_a_%28fake%29_bone.jpg?utm_source=commons.wikimedia.org&utm_campaign=imageinfo&utm_content=original,Creative Commons / Public Domain,true
p-mini-cotton-puppy-rope-knot,Mini Cotton Puppy Rope Knot,2,/products/mini-cotton-puppy-rope-knot/image-2.webp,1000x1000,40.6,1:1,Mini Cotton Puppy Rope Knot lifestyle in-use play view,https://upload.wikimedia.org/wikipedia/commons/d/d4/A_dog_and_a_Rope.jpg?utm_source=commons.wikimedia.org&utm_campaign=imageinfo&utm_content=original,Creative Commons / Public Domain,true
p-mini-cotton-puppy-rope-knot,Mini Cotton Puppy Rope Knot,3,/products/mini-cotton-puppy-rope-knot/image-3.webp,1000x1000,43.5,1:1,Mini Cotton Puppy Rope Knot material and texture detail,https://upload.wikimedia.org/wikipedia/commons/9/9d/Bearded_man_weaving_%28%3F%29_rope%2C_5_children_and_dog_on_pier_LCCN2003675197.jpg?utm_source=commons.wikimedia.org&utm_campaign=imageinfo&utm_content=original,Creative Commons / Public Domain,true
p-mini-cotton-puppy-rope-knot,Mini Cotton Puppy Rope Knot,4,/products/mini-cotton-puppy-rope-knot/image-4.webp,1000x1000,43.2,1:1,Mini Cotton Puppy Rope Knot packaging and scale overview,https://upload.wikimedia.org/wikipedia/commons/9/9e/Bearded_man_weaving_rope%2C_5_children_and_dog_on_pier.png?utm_source=commons.wikimedia.org&utm_campaign=imageinfo&utm_content=original,Creative Commons / Public Domain,true
p-puppy-heartbeat-comfort-plush,Puppy Heartbeat Companion Comfort Plush,1,/products/puppy-heartbeat-comfort-plush/image-1.webp,1000x1000,160.5,1:1,Puppy Heartbeat Companion Comfort Plush view 1 on clean background,https://upload.wikimedia.org/wikipedia/commons/0/0a/20140531_German_Shepard_dog_puppy_3151.jpg?utm_source=commons.wikimedia.org&utm_campaign=imageinfo&utm_content=original,Creative Commons / Public Domain,true
p-puppy-heartbeat-comfort-plush,Puppy Heartbeat Companion Comfort Plush,2,/products/puppy-heartbeat-comfort-plush/image-2.webp,1000x1000,198.1,1:1,Puppy Heartbeat Companion Comfort Plush lifestyle in-use play view,https://upload.wikimedia.org/wikipedia/commons/0/05/ACD_puppy_Red_Manor%27s_Avis-Gin.jpg?utm_source=commons.wikimedia.org&utm_campaign=imageinfo&utm_content=original,Creative Commons / Public Domain,true
p-puppy-heartbeat-comfort-plush,Puppy Heartbeat Companion Comfort Plush,3,/products/puppy-heartbeat-comfort-plush/image-3.webp,1000x1000,187.7,1:1,Puppy Heartbeat Companion Comfort Plush material and texture detail,https://upload.wikimedia.org/wikipedia/commons/1/11/Attributed_to_Yi_Am%2C_Korean_-_Puppy_Playing_with_a_Pheasant_Feather_-_Google_Art_Project.jpg?utm_source=commons.wikimedia.org&utm_campaign=imageinfo&utm_content=original,Creative Commons / Public Domain,true
p-puppy-heartbeat-comfort-plush,Puppy Heartbeat Companion Comfort Plush,4,/products/puppy-heartbeat-comfort-plush/image-4.webp,1000x1000,439.9,1:1,Puppy Heartbeat Companion Comfort Plush packaging and scale overview,https://upload.wikimedia.org/wikipedia/commons/6/6a/Browns_Cannon_-_Playing_Puppy_-_Botanical_Garden_-_Ooty.jpg?utm_source=commons.wikimedia.org&utm_campaign=imageinfo&utm_content=original,Creative Commons / Public Domain,true
p-gentle-scent-blanket-snuggle-toy,Gentle Scent Blanket Snuggle Plush,1,/products/gentle-scent-blanket-snuggle-toy/image-1.webp,1000x1000,42.6,1:1,Gentle Scent Blanket Snuggle Plush view 1 on clean background,https://upload.wikimedia.org/wikipedia/commons/5/5e/Rabbit%2C_toy_%28AM_2013.51.29-2%29.jpg?utm_source=commons.wikimedia.org&utm_campaign=imageinfo&utm_content=original,Creative Commons / Public Domain,true
p-gentle-scent-blanket-snuggle-toy,Gentle Scent Blanket Snuggle Plush,2,/products/gentle-scent-blanket-snuggle-toy/image-2.webp,1000x1000,16.3,1:1,Gentle Scent Blanket Snuggle Plush lifestyle in-use play view,https://upload.wikimedia.org/wikipedia/commons/6/64/Rabbit%2C_toy_%28AM_2013.51.30-1%29.jpg?utm_source=commons.wikimedia.org&utm_campaign=imageinfo&utm_content=original,Creative Commons / Public Domain,true
p-gentle-scent-blanket-snuggle-toy,Gentle Scent Blanket Snuggle Plush,3,/products/gentle-scent-blanket-snuggle-toy/image-3.webp,1000x1000,35.2,1:1,Gentle Scent Blanket Snuggle Plush material and texture detail,https://upload.wikimedia.org/wikipedia/commons/4/4e/Rabbit%2C_toy_%28AM_2013.51.30-2%29.jpg?utm_source=commons.wikimedia.org&utm_campaign=imageinfo&utm_content=original,Creative Commons / Public Domain,true
p-gentle-scent-blanket-snuggle-toy,Gentle Scent Blanket Snuggle Plush,4,/products/gentle-scent-blanket-snuggle-toy/image-4.webp,1000x1000,141.6,1:1,Gentle Scent Blanket Snuggle Plush packaging and scale overview,https://upload.wikimedia.org/wikipedia/commons/6/63/Cat_on_back.JPG?utm_source=commons.wikimedia.org&utm_campaign=imageinfo&utm_content=original,Creative Commons / Public Domain,true
p-mini-soft-squeak-starter-ball,Mini Soft Squeak Starter Ball (2-Pack),1,/products/mini-soft-squeak-starter-ball/image-1.webp,1000x1000,198.4,1:1,Mini Soft Squeak Starter Ball (2-Pack) view 1 on clean background,https://upload.wikimedia.org/wikipedia/commons/0/06/Exterior%2C_St._Pat%E2%80%99s_Ball_Park%2C_June_11%2C_2026.jpg?utm_source=commons.wikimedia.org&utm_campaign=imageinfo&utm_content=original,Creative Commons / Public Domain,true
p-mini-soft-squeak-starter-ball,Mini Soft Squeak Starter Ball (2-Pack),2,/products/mini-soft-squeak-starter-ball/image-2.webp,1000x1000,178.8,1:1,Mini Soft Squeak Starter Ball (2-Pack) lifestyle in-use play view,https://upload.wikimedia.org/wikipedia/commons/0/0f/Field_at_St._Pat%E2%80%99s_Ball_Park%2C_June_11%2C_2026.jpg?utm_source=commons.wikimedia.org&utm_campaign=imageinfo&utm_content=original,Creative Commons / Public Domain,true
p-mini-soft-squeak-starter-ball,Mini Soft Squeak Starter Ball (2-Pack),3,/products/mini-soft-squeak-starter-ball/image-3.webp,1000x1000,386.1,1:1,Mini Soft Squeak Starter Ball (2-Pack) material and texture detail,https://upload.wikimedia.org/wikipedia/commons/d/d3/Labrador%2C_the_country_and_the_people_%281909%29_%2814779293154%29.jpg?utm_source=commons.wikimedia.org&utm_campaign=imageinfo&utm_content=original,Creative Commons / Public Domain,true
p-mini-soft-squeak-starter-ball,Mini Soft Squeak Starter Ball (2-Pack),4,/products/mini-soft-squeak-starter-ball/image-4.webp,1000x1000,226.3,1:1,Mini Soft Squeak Starter Ball (2-Pack) packaging and scale overview,https://upload.wikimedia.org/wikipedia/commons/f/fd/Labrador_Retriever_with_orange_ball.jpg?utm_source=commons.wikimedia.org&utm_campaign=imageinfo&utm_content=original,Creative Commons / Public Domain,true
p-crinkle-fabric-puppy-play-bone,Crinkle Fabric Puppy Play Bone,1,/products/crinkle-fabric-puppy-play-bone/image-1.webp,1000x1000,56.6,1:1,Crinkle Fabric Puppy Play Bone view 1 on clean background,https://upload.wikimedia.org/wikipedia/commons/a/a8/Bubba_the_cat_watching_cartoons.jpg?utm_source=commons.wikimedia.org&utm_campaign=imageinfo&utm_content=original,Creative Commons / Public Domain,true
p-crinkle-fabric-puppy-play-bone,Crinkle Fabric Puppy Play Bone,2,/products/crinkle-fabric-puppy-play-bone/image-2.webp,1000x1000,50.0,1:1,Crinkle Fabric Puppy Play Bone lifestyle in-use play view,https://upload.wikimedia.org/wikipedia/commons/9/93/Ancient_Egypt_Bronze_Cat_%26_Kitten_%2828338335615%29.jpg?utm_source=commons.wikimedia.org&utm_campaign=imageinfo&utm_content=original,Creative Commons / Public Domain,true
p-crinkle-fabric-puppy-play-bone,Crinkle Fabric Puppy Play Bone,3,/products/crinkle-fabric-puppy-play-bone/image-3.webp,1000x1000,57.1,1:1,Crinkle Fabric Puppy Play Bone material and texture detail,https://upload.wikimedia.org/wikipedia/commons/c/ca/Baby_playing_with_yellow_paint._Work_by_Dutch_artist_Peter_Klashorst_entitled_%22Experimental%22.jpg?utm_source=commons.wikimedia.org&utm_campaign=imageinfo&utm_content=original,Creative Commons / Public Domain,true
p-crinkle-fabric-puppy-play-bone,Crinkle Fabric Puppy Play Bone,4,/products/crinkle-fabric-puppy-play-bone/image-4.webp,1000x1000,60.9,1:1,Crinkle Fabric Puppy Play Bone packaging and scale overview,https://upload.wikimedia.org/wikipedia/commons/e/ea/Cat-N3930-P5260364-black.jpg?utm_source=commons.wikimedia.org&utm_campaign=imageinfo&utm_content=original,Creative Commons / Public Domain,true
p-essential-puppy-starter-bundle-5pc,Essential Puppy Starter Kit (5 Pieces),1,/products/essential-puppy-starter-bundle-5pc/image-1.webp,1000x1000,152.4,1:1,Essential Puppy Starter Kit (5 Pieces) view 1 on clean background,https://upload.wikimedia.org/wikipedia/commons/6/6e/CSD_Wiesbaden_2026%2C_Puppy_Play.jpg?utm_source=commons.wikimedia.org&utm_campaign=imageinfo&utm_content=original,Creative Commons / Public Domain,true
p-essential-puppy-starter-bundle-5pc,Essential Puppy Starter Kit (5 Pieces),2,/products/essential-puppy-starter-bundle-5pc/image-2.webp,1000x1000,97.4,1:1,Essential Puppy Starter Kit (5 Pieces) lifestyle in-use play view,https://upload.wikimedia.org/wikipedia/commons/8/83/Cornelis_Visscher_-_Putti_Playing_with_a_Puppy_-_NMH_1873-1863_-_Nationalmuseum.jpg?utm_source=commons.wikimedia.org&utm_campaign=imageinfo&utm_content=original,Creative Commons / Public Domain,true
p-essential-puppy-starter-bundle-5pc,Essential Puppy Starter Kit (5 Pieces),3,/products/essential-puppy-starter-bundle-5pc/image-3.webp,1000x1000,110.3,1:1,Essential Puppy Starter Kit (5 Pieces) material and texture detail,https://upload.wikimedia.org/wikipedia/commons/d/d4/Cornelis_Visscher_-_Two_Putti_Playing_with_a_Puppy_-_NMH_1874-1863_-_Nationalmuseum.jpg?utm_source=commons.wikimedia.org&utm_campaign=imageinfo&utm_content=original,Creative Commons / Public Domain,true
p-essential-puppy-starter-bundle-5pc,Essential Puppy Starter Kit (5 Pieces),4,/products/essential-puppy-starter-bundle-5pc/image-4.webp,1000x1000,218.5,1:1,Essential Puppy Starter Kit (5 Pieces) packaging and scale overview,https://upload.wikimedia.org/wikipedia/commons/c/c8/Indog_Puppy_Playing.jpg?utm_source=commons.wikimedia.org&utm_campaign=imageinfo&utm_content=original,Creative Commons / Public Domain,true
p-puppy-teething-relief-trio-set,Puppy Teething Relief Trio Set,1,/products/puppy-teething-relief-trio-set/image-1.webp,1000x1000,139.9,1:1,Puppy Teething Relief Trio Set view 1 on clean background,https://upload.wikimedia.org/wikipedia/commons/e/e4/Jack_Russel_and_Labrador_Puppies.jpg?utm_source=commons.wikimedia.org&utm_campaign=imageinfo&utm_content=original,Creative Commons / Public Domain,true
p-puppy-teething-relief-trio-set,Puppy Teething Relief Trio Set,2,/products/puppy-teething-relief-trio-set/image-2.webp,1000x1000,297.1,1:1,Puppy Teething Relief Trio Set lifestyle in-use play view,https://upload.wikimedia.org/wikipedia/commons/3/3c/PlayingPuppies.jpg?utm_source=commons.wikimedia.org&utm_campaign=imageinfo&utm_content=original,Creative Commons / Public Domain,true
p-puppy-teething-relief-trio-set,Puppy Teething Relief Trio Set,3,/products/puppy-teething-relief-trio-set/image-3.webp,1000x1000,45.3,1:1,Puppy Teething Relief Trio Set material and texture detail,https://upload.wikimedia.org/wikipedia/commons/c/cb/Playing_grey_labrador_puppies.jpg?utm_source=commons.wikimedia.org&utm_campaign=imageinfo&utm_content=original,Creative Commons / Public Domain,true
p-puppy-teething-relief-trio-set,Puppy Teething Relief Trio Set,4,/products/puppy-teething-relief-trio-set/image-4.webp,1000x1000,21.1,1:1,Puppy Teething Relief Trio Set packaging and scale overview,https://upload.wikimedia.org/wikipedia/commons/4/49/Puppy_Play_Flag_Library_Logo.png?utm_source=commons.wikimedia.org&utm_campaign=imageinfo&utm_content=original,Creative Commons / Public Domain,true
p-natural-feather-teaser-wand-bell,Natural Guinea Fowl Feather Wand with Bell,1,/products/natural-feather-teaser-wand-bell/image-1.webp,1000x1000,257.1,1:1,Natural Guinea Fowl Feather Wand with Bell view 1 on clean background,https://upload.wikimedia.org/wikipedia/commons/5/5f/Polonius._%28BM_1868%2C0808.6430%29.jpg?utm_source=commons.wikimedia.org&utm_campaign=imageinfo&utm_content=original,Creative Commons / Public Domain,true
p-natural-feather-teaser-wand-bell,Natural Guinea Fowl Feather Wand with Bell,2,/products/natural-feather-teaser-wand-bell/image-2.webp,1000x1000,107.1,1:1,Natural Guinea Fowl Feather Wand with Bell lifestyle in-use play view,https://upload.wikimedia.org/wikipedia/commons/8/84/Scepter_wand_with_feathers_MET_DP230136.jpg?utm_source=commons.wikimedia.org&utm_campaign=imageinfo&utm_content=original,Creative Commons / Public Domain,true
p-natural-feather-teaser-wand-bell,Natural Guinea Fowl Feather Wand with Bell,3,/products/natural-feather-teaser-wand-bell/image-3.webp,1000x1000,244.0,1:1,Natural Guinea Fowl Feather Wand with Bell material and texture detail,https://upload.wikimedia.org/wikipedia/commons/b/b5/Shakespeare%27s_prophecy%2C_or_the_last_act_but_one_in_the_Tempest%2C_or_the_jack_daws_in_borrowed_feathers._%28BM_1851%2C0901.722%29.jpg?utm_source=commons.wikimedia.org&utm_campaign=imageinfo&utm_content=original,Creative Commons / Public Domain,true
p-natural-feather-teaser-wand-bell,Natural Guinea Fowl Feather Wand with Bell,4,/products/natural-feather-teaser-wand-bell/image-4.webp,1000x1000,133.8,1:1,Natural Guinea Fowl Feather Wand with Bell packaging and scale overview,https://upload.wikimedia.org/wikipedia/commons/6/65/Still_Life_with_Dead_Hare_and_Guinea_Fowl_in_Front_of_a_Grey_Wall_%28SM_1387%29.png?utm_source=commons.wikimedia.org&utm_campaign=imageinfo&utm_content=original,Creative Commons / Public Domain,true
p-telescopic-carbon-fiber-cat-wand,Telescopic Carbon-Fiber Wand with 3 Attachments,1,/products/telescopic-carbon-fiber-cat-wand/image-1.webp,1000x1000,334.5,1:1,Telescopic Carbon-Fiber Wand with 3 Attachments view 1 on clean background,https://upload.wikimedia.org/wikipedia/commons/0/06/Catalogue_-_1902_%281902%29_%2820380299388%29.jpg?utm_source=commons.wikimedia.org&utm_campaign=imageinfo&utm_content=original,Creative Commons / Public Domain,true
p-telescopic-carbon-fiber-cat-wand,Telescopic Carbon-Fiber Wand with 3 Attachments,2,/products/telescopic-carbon-fiber-cat-wand/image-2.webp,1000x1000,109.8,1:1,Telescopic Carbon-Fiber Wand with 3 Attachments lifestyle in-use play view,https://upload.wikimedia.org/wikipedia/commons/3/3c/Currie%27s_farm_and_garden_annual_-_spring_1930_%281930%29_%2820823427011%29.jpg?utm_source=commons.wikimedia.org&utm_campaign=imageinfo&utm_content=original,Creative Commons / Public Domain,true
p-telescopic-carbon-fiber-cat-wand,Telescopic Carbon-Fiber Wand with 3 Attachments,3,/products/telescopic-carbon-fiber-cat-wand/image-3.webp,1000x1000,265.7,1:1,Telescopic Carbon-Fiber Wand with 3 Attachments material and texture detail,https://upload.wikimedia.org/wikipedia/commons/9/94/Everything_for_the_garden_%2816389149001%29.jpg?utm_source=commons.wikimedia.org&utm_campaign=imageinfo&utm_content=original,Creative Commons / Public Domain,true
p-telescopic-carbon-fiber-cat-wand,Telescopic Carbon-Fiber Wand with 3 Attachments,4,/products/telescopic-carbon-fiber-cat-wand/image-4.webp,1000x1000,134.6,1:1,Telescopic Carbon-Fiber Wand with 3 Attachments packaging and scale overview,https://upload.wikimedia.org/wikipedia/commons/7/7b/IMGP7527_%2851165693616%29.jpg?utm_source=commons.wikimedia.org&utm_campaign=imageinfo&utm_content=original,Creative Commons / Public Domain,true
p-rainbow-satin-ribbon-dancer-wand,Satin Fabric Ribbon Dancer Wand,1,/products/rainbow-satin-ribbon-dancer-wand/image-1.webp,1000x1000,41.1,1:1,Satin Fabric Ribbon Dancer Wand view 1 on clean background,https://upload.wikimedia.org/wikipedia/commons/1/1d/Lynx_Project_At_Yukon_Flats_National_Wildlife_Refuge_%2847518616071%29.jpg?utm_source=commons.wikimedia.org&utm_campaign=imageinfo&utm_content=original,Creative Commons / Public Domain,true
p-rainbow-satin-ribbon-dancer-wand,Satin Fabric Ribbon Dancer Wand,2,/products/rainbow-satin-ribbon-dancer-wand/image-2.webp,1000x1000,243.8,1:1,Satin Fabric Ribbon Dancer Wand lifestyle in-use play view,https://upload.wikimedia.org/wikipedia/commons/1/13/Spring_1897_-_permanent_pastures_and_meadows_%281897%29_%2820360323029%29.jpg?utm_source=commons.wikimedia.org&utm_campaign=imageinfo&utm_content=original,Creative Commons / Public Domain,true
p-rainbow-satin-ribbon-dancer-wand,Satin Fabric Ribbon Dancer Wand,3,/products/rainbow-satin-ribbon-dancer-wand/image-3.webp,1000x1000,164.9,1:1,Satin Fabric Ribbon Dancer Wand material and texture detail,https://upload.wikimedia.org/wikipedia/commons/1/1d/Cat_on_back_%282015%3B_cropped_2027%29.JPG?utm_source=commons.wikimedia.org&utm_campaign=imageinfo&utm_content=original,Creative Commons / Public Domain,true
p-rainbow-satin-ribbon-dancer-wand,Satin Fabric Ribbon Dancer Wand,4,/products/rainbow-satin-ribbon-dancer-wand/image-4.webp,1000x1000,82.3,1:1,Satin Fabric Ribbon Dancer Wand packaging and scale overview,https://upload.wikimedia.org/wikipedia/commons/2/28/Gillie_and_the_catnip_ball_%28445476392%29.jpg?utm_source=commons.wikimedia.org&utm_campaign=imageinfo&utm_content=original,Creative Commons / Public Domain,true
p-crinkle-dragonfly-teaser-wand,Crinkle Wing Dragonfly Teaser Wand,1,/products/crinkle-dragonfly-teaser-wand/image-1.webp,1000x1000,47.5,1:1,Crinkle Wing Dragonfly Teaser Wand view 1 on clean background,https://upload.wikimedia.org/wikipedia/commons/2/2f/Gillie_and_the_catnip_ball_%28445479276%29.jpg?utm_source=commons.wikimedia.org&utm_campaign=imageinfo&utm_content=original,Creative Commons / Public Domain,true
p-crinkle-dragonfly-teaser-wand,Crinkle Wing Dragonfly Teaser Wand,2,/products/crinkle-dragonfly-teaser-wand/image-2.webp,1000x1000,35.6,1:1,Crinkle Wing Dragonfly Teaser Wand lifestyle in-use play view,https://upload.wikimedia.org/wikipedia/commons/0/07/Gillie_and_the_catnip_ball_%28445479954%29.jpg?utm_source=commons.wikimedia.org&utm_campaign=imageinfo&utm_content=original,Creative Commons / Public Domain,true
p-crinkle-dragonfly-teaser-wand,Crinkle Wing Dragonfly Teaser Wand,3,/products/crinkle-dragonfly-teaser-wand/image-3.webp,1000x1000,44.7,1:1,Crinkle Wing Dragonfly Teaser Wand material and texture detail,https://upload.wikimedia.org/wikipedia/commons/c/c6/Gillie_and_the_catnip_ball_%28445480972%29.jpg?utm_source=commons.wikimedia.org&utm_campaign=imageinfo&utm_content=original,Creative Commons / Public Domain,true
p-crinkle-dragonfly-teaser-wand,Crinkle Wing Dragonfly Teaser Wand,4,/products/crinkle-dragonfly-teaser-wand/image-4.webp,1000x1000,62.3,1:1,Crinkle Wing Dragonfly Teaser Wand packaging and scale overview,https://upload.wikimedia.org/wikipedia/commons/3/36/Gillie_and_the_catnip_ball_%28445481549%29.jpg?utm_source=commons.wikimedia.org&utm_campaign=imageinfo&utm_content=original,Creative Commons / Public Domain,true
p-sisal-mouse-elastic-teaser-wand,Sisal Mouse on Elastic Bungee Wand,1,/products/sisal-mouse-elastic-teaser-wand/image-1.webp,1000x1000,45.1,1:1,Sisal Mouse on Elastic Bungee Wand view 1 on clean background,https://upload.wikimedia.org/wikipedia/commons/2/29/Gillie_and_the_catnip_ball_%28445482471%29.jpg?utm_source=commons.wikimedia.org&utm_campaign=imageinfo&utm_content=original,Creative Commons / Public Domain,true
p-sisal-mouse-elastic-teaser-wand,Sisal Mouse on Elastic Bungee Wand,2,/products/sisal-mouse-elastic-teaser-wand/image-2.webp,1000x1000,117.2,1:1,Sisal Mouse on Elastic Bungee Wand lifestyle in-use play view,https://upload.wikimedia.org/wikipedia/commons/a/ae/Gillie_and_the_catnip_mouse_%282320778113%29.jpg?utm_source=commons.wikimedia.org&utm_campaign=imageinfo&utm_content=original,Creative Commons / Public Domain,true
p-sisal-mouse-elastic-teaser-wand,Sisal Mouse on Elastic Bungee Wand,3,/products/sisal-mouse-elastic-teaser-wand/image-3.webp,1000x1000,85.5,1:1,Sisal Mouse on Elastic Bungee Wand material and texture detail,https://upload.wikimedia.org/wikipedia/commons/a/a8/The_Count%27s_Moustache%21.jpg?utm_source=commons.wikimedia.org&utm_campaign=imageinfo&utm_content=original,Creative Commons / Public Domain,true
p-sisal-mouse-elastic-teaser-wand,Sisal Mouse on Elastic Bungee Wand,4,/products/sisal-mouse-elastic-teaser-wand/image-4.webp,1000x1000,99.6,1:1,Sisal Mouse on Elastic Bungee Wand packaging and scale overview,https://upload.wikimedia.org/wikipedia/commons/6/66/The_Toy_Tester_-_Flickr_-_Lisa_Zins.jpg?utm_source=commons.wikimedia.org&utm_campaign=imageinfo&utm_content=original,Creative Commons / Public Domain,true
p-furry-tail-snake-chaser-wand,Faux-Fur Tail Snake Chaser Wand,1,/products/furry-tail-snake-chaser-wand/image-1.webp,1000x1000,120.9,1:1,Faux-Fur Tail Snake Chaser Wand view 1 on clean background,https://upload.wikimedia.org/wikipedia/commons/5/5b/The_Toy_Tester_-_Flickr_-_Lisa_Zins_%282020%3B_cropped_2023%29.jpg?utm_source=commons.wikimedia.org&utm_campaign=imageinfo&utm_content=original,Creative Commons / Public Domain,true
p-furry-tail-snake-chaser-wand,Faux-Fur Tail Snake Chaser Wand,2,/products/furry-tail-snake-chaser-wand/image-2.webp,1000x1000,177.5,1:1,Faux-Fur Tail Snake Chaser Wand lifestyle in-use play view,https://upload.wikimedia.org/wikipedia/commons/7/7d/High_Street_tower_and_train_tracks_-_DPLA_-_5b4dff54cd7f0fac6f0e39a94a5d0112.jpg?utm_source=commons.wikimedia.org&utm_campaign=imageinfo&utm_content=original,Creative Commons / Public Domain,true
p-furry-tail-snake-chaser-wand,Faux-Fur Tail Snake Chaser Wand,3,/products/furry-tail-snake-chaser-wand/image-3.webp,1000x1000,95.2,1:1,Faux-Fur Tail Snake Chaser Wand material and texture detail,https://upload.wikimedia.org/wikipedia/commons/7/77/Stockpiles_of_Smith_Tower_facade_panels_collected_in_a_field_near_railroad_tracks%2C_Seattle%2C_Washington%2C_January_27%2C_1913_%28SEATTLE_4920%29.jpg?utm_source=commons.wikimedia.org&utm_campaign=imageinfo&utm_content=original,Creative Commons / Public Domain,true
p-furry-tail-snake-chaser-wand,Faux-Fur Tail Snake Chaser Wand,4,/products/furry-tail-snake-chaser-wand/image-4.webp,1000x1000,77.5,1:1,Faux-Fur Tail Snake Chaser Wand packaging and scale overview,https://upload.wikimedia.org/wikipedia/commons/5/53/Tiger_-_Mouse_maze_2.jpg?utm_source=commons.wikimedia.org&utm_campaign=imageinfo&utm_content=original,Creative Commons / Public Domain,true
p-organic-catnip-fish-kicker-pillow,Organic Catnip Canvas Fish Kicker,1,/products/organic-catnip-fish-kicker-pillow/image-1.webp,1000x1000,88.4,1:1,Organic Catnip Canvas Fish Kicker view 1 on clean background,https://upload.wikimedia.org/wikipedia/commons/b/b4/Kamil_-_SCAT_%40_Petsmart_Adoption_Centre_%28June_6_2016%29_%2827250177660%29.jpg?utm_source=commons.wikimedia.org&utm_campaign=imageinfo&utm_content=original,Creative Commons / Public Domain,true
p-organic-catnip-fish-kicker-pillow,Organic Catnip Canvas Fish Kicker,2,/products/organic-catnip-fish-kicker-pillow/image-2.webp,1000x1000,43.9,1:1,Organic Catnip Canvas Fish Kicker lifestyle in-use play view,https://upload.wikimedia.org/wikipedia/commons/1/1e/Kamil_-_SCAT_%40_Petsmart_Adoption_Centre_%28June_6_2016%29_%2827428063462%29.jpg?utm_source=commons.wikimedia.org&utm_campaign=imageinfo&utm_content=original,Creative Commons / Public Domain,true
p-organic-catnip-fish-kicker-pillow,Organic Catnip Canvas Fish Kicker,3,/products/organic-catnip-fish-kicker-pillow/image-3.webp,1000x1000,51.6,1:1,Organic Catnip Canvas Fish Kicker material and texture detail,https://upload.wikimedia.org/wikipedia/commons/0/01/Kamil_-_SCAT_%40_Petsmart_Adoption_Centre_%28June_6_2016%29_%2827428065302%29.jpg?utm_source=commons.wikimedia.org&utm_campaign=imageinfo&utm_content=original,Creative Commons / Public Domain,true
p-organic-catnip-fish-kicker-pillow,Organic Catnip Canvas Fish Kicker,4,/products/organic-catnip-fish-kicker-pillow/image-4.webp,1000x1000,361.0,1:1,Organic Catnip Canvas Fish Kicker packaging and scale overview,https://upload.wikimedia.org/wikipedia/commons/5/54/Abandoned_greenhouse_at_Kolibki_Park_in_Gdynia%2C_Poland.jpg?utm_source=commons.wikimedia.org&utm_campaign=imageinfo&utm_content=original,Creative Commons / Public Domain,true
p-crinkle-canvas-baguette-cat-kicker,Crinkle Canvas Long Baguette Kicker,1,/products/crinkle-canvas-baguette-cat-kicker/image-1.webp,1000x1000,187.7,1:1,Crinkle Canvas Long Baguette Kicker view 1 on clean background,https://upload.wikimedia.org/wikipedia/commons/a/a9/Cats_Canyon_Tunnel_%28Tunnel_1%29_former_location.jpg?utm_source=commons.wikimedia.org&utm_campaign=imageinfo&utm_content=original,Creative Commons / Public Domain,true
p-crinkle-canvas-baguette-cat-kicker,Crinkle Canvas Long Baguette Kicker,2,/products/crinkle-canvas-baguette-cat-kicker/image-2.webp,1000x1000,163.4,1:1,Crinkle Canvas Long Baguette Kicker lifestyle in-use play view,https://upload.wikimedia.org/wikipedia/commons/8/83/Cats_Canyon_Tunnel_%28Tunnel_1%29_north_portal_during_regauging.jpg?utm_source=commons.wikimedia.org&utm_campaign=imageinfo&utm_content=original,Creative Commons / Public Domain,true
p-crinkle-canvas-baguette-cat-kicker,Crinkle Canvas Long Baguette Kicker,3,/products/crinkle-canvas-baguette-cat-kicker/image-3.webp,1000x1000,149.6,1:1,Crinkle Canvas Long Baguette Kicker material and texture detail,https://upload.wikimedia.org/wikipedia/commons/e/e7/Cats_Canyon_Tunnel_%28Tunnel_1%29_shoefly_track_around_tunnel.jpg?utm_source=commons.wikimedia.org&utm_campaign=imageinfo&utm_content=original,Creative Commons / Public Domain,true
p-crinkle-canvas-baguette-cat-kicker,Crinkle Canvas Long Baguette Kicker,4,/products/crinkle-canvas-baguette-cat-kicker/image-4.webp,1000x1000,238.0,1:1,Crinkle Canvas Long Baguette Kicker packaging and scale overview,https://upload.wikimedia.org/wikipedia/commons/f/f7/Cats_Canyon_Tunnel_%28Tunnel_1%29_shortly_before_its_closure.jpg?utm_source=commons.wikimedia.org&utm_campaign=imageinfo&utm_content=original,Creative Commons / Public Domain,true
p-matatabi-silvervine-dental-stick-chews,Natural Matatabi Silvervine Chew Sticks (6-Pack),1,/products/matatabi-silvervine-dental-stick-chews/image-1.webp,1000x1000,178.5,1:1,Natural Matatabi Silvervine Chew Sticks (6-Pack) view 1 on clean background,https://upload.wikimedia.org/wikipedia/commons/2/2f/Estufa_principal_do_Jardim_Bot%C3%A2nico_de_Curitiba_02.jpg?utm_source=commons.wikimedia.org&utm_campaign=imageinfo&utm_content=original,Creative Commons / Public Domain,true
p-matatabi-silvervine-dental-stick-chews,Natural Matatabi Silvervine Chew Sticks (6-Pack),2,/products/matatabi-silvervine-dental-stick-chews/image-2.webp,1000x1000,185.3,1:1,Natural Matatabi Silvervine Chew Sticks (6-Pack) lifestyle in-use play view,https://upload.wikimedia.org/wikipedia/commons/d/d5/Glasshouse_and_fountain_at_lalbagh.jpg?utm_source=commons.wikimedia.org&utm_campaign=imageinfo&utm_content=original,Creative Commons / Public Domain,true
p-matatabi-silvervine-dental-stick-chews,Natural Matatabi Silvervine Chew Sticks (6-Pack),3,/products/matatabi-silvervine-dental-stick-chews/image-3.webp,1000x1000,194.0,1:1,Natural Matatabi Silvervine Chew Sticks (6-Pack) material and texture detail,https://upload.wikimedia.org/wikipedia/commons/0/0a/Greenhouse_agriculture_in_Namibia.jpg?utm_source=commons.wikimedia.org&utm_campaign=imageinfo&utm_content=original,Creative Commons / Public Domain,true
p-matatabi-silvervine-dental-stick-chews,Natural Matatabi Silvervine Chew Sticks (6-Pack),4,/products/matatabi-silvervine-dental-stick-chews/image-4.webp,1000x1000,202.5,1:1,Natural Matatabi Silvervine Chew Sticks (6-Pack) packaging and scale overview,https://upload.wikimedia.org/wikipedia/commons/9/9a/Helsinki_July_2013-14.jpg?utm_source=commons.wikimedia.org&utm_campaign=imageinfo&utm_content=original,Creative Commons / Public Domain,true
p-feathered-crinkle-roller-kicker,Feathered Burlap Roller Kicker,1,/products/feathered-crinkle-roller-kicker/image-1.webp,1000x1000,249.4,1:1,Feathered Burlap Roller Kicker view 1 on clean background,https://upload.wikimedia.org/wikipedia/commons/8/83/Hokkaido_University_Greenhouse_-20091014-RM-115721.jpg?utm_source=commons.wikimedia.org&utm_campaign=imageinfo&utm_content=original,Creative Commons / Public Domain,true
p-feathered-crinkle-roller-kicker,Feathered Burlap Roller Kicker,2,/products/feathered-crinkle-roller-kicker/image-2.webp,1000x1000,222.9,1:1,Feathered Burlap Roller Kicker lifestyle in-use play view,https://upload.wikimedia.org/wikipedia/commons/b/b1/Small_greenhouse_with_grapevines_escaping.jpg?utm_source=commons.wikimedia.org&utm_campaign=imageinfo&utm_content=original,Creative Commons / Public Domain,true
p-feathered-crinkle-roller-kicker,Feathered Burlap Roller Kicker,3,/products/feathered-crinkle-roller-kicker/image-3.webp,1000x1000,50.9,1:1,Feathered Burlap Roller Kicker material and texture detail,https://upload.wikimedia.org/wikipedia/commons/e/e3/Tunnel_cat_%286414878527%29.jpg?utm_source=commons.wikimedia.org&utm_campaign=imageinfo&utm_content=original,Creative Commons / Public Domain,true
p-feathered-crinkle-roller-kicker,Feathered Burlap Roller Kicker,4,/products/feathered-crinkle-roller-kicker/image-4.webp,1000x1000,50.0,1:1,Feathered Burlap Roller Kicker packaging and scale overview,https://upload.wikimedia.org/wikipedia/commons/4/46/Tunnel_cat_%286414878527%29_%282011%3B_cropped_2023%29.jpg?utm_source=commons.wikimedia.org&utm_campaign=imageinfo&utm_content=original,Creative Commons / Public Domain,true
p-refillable-catnip-plush-pickle,Refillable Zip-Pocket Catnip Plush Pickle,1,/products/refillable-catnip-plush-pickle/image-1.webp,1000x1000,52.9,1:1,Refillable Zip-Pocket Catnip Plush Pickle view 1 on clean background,https://upload.wikimedia.org/wikipedia/commons/2/2d/Tunnel_cat_%287252517804%29.jpg?utm_source=commons.wikimedia.org&utm_campaign=imageinfo&utm_content=original,Creative Commons / Public Domain,true
p-refillable-catnip-plush-pickle,Refillable Zip-Pocket Catnip Plush Pickle,2,/products/refillable-catnip-plush-pickle/image-2.webp,1000x1000,53.5,1:1,Refillable Zip-Pocket Catnip Plush Pickle lifestyle in-use play view,https://upload.wikimedia.org/wikipedia/commons/d/d3/Tunnel_cat_%287252517804%29_%282012%3B_cropped_2024%29.jpg?utm_source=commons.wikimedia.org&utm_campaign=imageinfo&utm_content=original,Creative Commons / Public Domain,true
p-refillable-catnip-plush-pickle,Refillable Zip-Pocket Catnip Plush Pickle,3,/products/refillable-catnip-plush-pickle/image-3.webp,1000x1000,56.5,1:1,Refillable Zip-Pocket Catnip Plush Pickle material and texture detail,https://upload.wikimedia.org/wikipedia/commons/1/14/Walipini-Greenhouse_Geothermal_model.jpg?utm_source=commons.wikimedia.org&utm_campaign=imageinfo&utm_content=original,Creative Commons / Public Domain,true
p-refillable-catnip-plush-pickle,Refillable Zip-Pocket Catnip Plush Pickle,4,/products/refillable-catnip-plush-pickle/image-4.webp,1000x1000,355.7,1:1,Refillable Zip-Pocket Catnip Plush Pickle packaging and scale overview,https://upload.wikimedia.org/wikipedia/commons/7/77/%D0%A1%D1%82%D0%B0%D0%BA%D0%BB%D0%B5%D1%9A%D0%B0%D0%BA%2C_%D0%91%D0%BE%D1%82%D0%B0%D0%BD%D0%B8%D1%87%D0%BA%D0%B0_%D0%B1%D0%B0%D1%88%D1%82%D0%B0_%D0%88%D0%B5%D0%B2%D1%80%D0%B5%D0%BC%D0%BE%D0%B2%D0%B0%D1%86_%28greenhouse_Jevremovac_Botanical_Garden%2C_Belgrade%2C_Serbia%29.jpg?utm_source=commons.wikimedia.org&utm_campaign=imageinfo&utm_content=original,Creative Commons / Public Domain,true
p-valerian-infused-soft-kick-stick,Valerian Root Infused Canvas Kick Stick,1,/products/valerian-infused-soft-kick-stick/image-1.webp,1000x1000,134.5,1:1,Valerian Root Infused Canvas Kick Stick view 1 on clean background,https://upload.wikimedia.org/wikipedia/commons/f/f1/A_Florida_panther_using_a_tree_as_a_scratching_post_%287656791736%29.jpg?utm_source=commons.wikimedia.org&utm_campaign=imageinfo&utm_content=original,Creative Commons / Public Domain,true
p-valerian-infused-soft-kick-stick,Valerian Root Infused Canvas Kick Stick,2,/products/valerian-infused-soft-kick-stick/image-2.webp,1000x1000,32.2,1:1,Valerian Root Infused Canvas Kick Stick lifestyle in-use play view,https://upload.wikimedia.org/wikipedia/commons/5/58/Baukasten_Cathome.jpg?utm_source=commons.wikimedia.org&utm_campaign=imageinfo&utm_content=original,Creative Commons / Public Domain,true
p-valerian-infused-soft-kick-stick,Valerian Root Infused Canvas Kick Stick,3,/products/valerian-infused-soft-kick-stick/image-3.webp,1000x1000,104.5,1:1,Valerian Root Infused Canvas Kick Stick material and texture detail,https://upload.wikimedia.org/wikipedia/commons/5/54/Cat_scratching_tire.jpg?utm_source=commons.wikimedia.org&utm_campaign=imageinfo&utm_content=original,Creative Commons / Public Domain,true
p-valerian-infused-soft-kick-stick,Valerian Root Infused Canvas Kick Stick,4,/products/valerian-infused-soft-kick-stick/image-4.webp,1000x1000,68.8,1:1,Valerian Root Infused Canvas Kick Stick packaging and scale overview,https://upload.wikimedia.org/wikipedia/commons/7/79/Cathome_Entwurf.jpg?utm_source=commons.wikimedia.org&utm_campaign=imageinfo&utm_content=original,Creative Commons / Public Domain,true
p-3-tier-tower-of-tracks-cat-toy,3-Tier Tower of Tracks Ball Toy,1,/products/3-tier-tower-of-tracks-cat-toy/image-1.webp,1000x1000,51.9,1:1,3-Tier Tower of Tracks Ball Toy view 1 on clean background,https://upload.wikimedia.org/wikipedia/commons/7/76/Corrugated_fiberboard_scratch_pad_with_cat.jpg?utm_source=commons.wikimedia.org&utm_campaign=imageinfo&utm_content=original,Creative Commons / Public Domain,true
p-3-tier-tower-of-tracks-cat-toy,3-Tier Tower of Tracks Ball Toy,2,/products/3-tier-tower-of-tracks-cat-toy/image-2.webp,1000x1000,67.0,1:1,3-Tier Tower of Tracks Ball Toy lifestyle in-use play view,https://upload.wikimedia.org/wikipedia/commons/8/8c/Grumpy_Cat_in_its_Lookout_Post_%2826310560423%29_%28Tokyo%2C_2016%3B_cropped_2023%29.jpg?utm_source=commons.wikimedia.org&utm_campaign=imageinfo&utm_content=original,Creative Commons / Public Domain,true
p-3-tier-tower-of-tracks-cat-toy,3-Tier Tower of Tracks Ball Toy,3,/products/3-tier-tower-of-tracks-cat-toy/image-3.webp,1000x1000,94.8,1:1,3-Tier Tower of Tracks Ball Toy material and texture detail,https://upload.wikimedia.org/wikipedia/commons/c/ca/Homemade_scratching_post.jpg?utm_source=commons.wikimedia.org&utm_campaign=imageinfo&utm_content=original,Creative Commons / Public Domain,true
p-3-tier-tower-of-tracks-cat-toy,3-Tier Tower of Tracks Ball Toy,4,/products/3-tier-tower-of-tracks-cat-toy/image-4.webp,1000x1000,160.3,1:1,3-Tier Tower of Tracks Ball Toy packaging and scale overview,https://upload.wikimedia.org/wikipedia/commons/7/74/Jenny_peeks_out_%282701798876%29.jpg?utm_source=commons.wikimedia.org&utm_campaign=imageinfo&utm_content=original,Creative Commons / Public Domain,true
p-circular-scratcher-track-ball-combo,Circular Scratcher with Perimeter Ball Track,1,/products/circular-scratcher-track-ball-combo/image-1.webp,1000x1000,48.7,1:1,Circular Scratcher with Perimeter Ball Track view 1 on clean background,https://upload.wikimedia.org/wikipedia/commons/f/f2/Katzen_ruhen_sich_aus.jpg?utm_source=commons.wikimedia.org&utm_campaign=imageinfo&utm_content=original,Creative Commons / Public Domain,true
p-circular-scratcher-track-ball-combo,Circular Scratcher with Perimeter Ball Track,2,/products/circular-scratcher-track-ball-combo/image-2.webp,1000x1000,73.8,1:1,Circular Scratcher with Perimeter Ball Track lifestyle in-use play view,https://upload.wikimedia.org/wikipedia/commons/e/e8/Kimi-kun_-_Scottish_Fold.jpg?utm_source=commons.wikimedia.org&utm_campaign=imageinfo&utm_content=original,Creative Commons / Public Domain,true
p-circular-scratcher-track-ball-combo,Circular Scratcher with Perimeter Ball Track,3,/products/circular-scratcher-track-ball-combo/image-3.webp,1000x1000,55.0,1:1,Circular Scratcher with Perimeter Ball Track material and texture detail,https://upload.wikimedia.org/wikipedia/commons/3/39/Kimi-kun_-_Scottish_Fold_-_I%27m_Alone.jpg?utm_source=commons.wikimedia.org&utm_campaign=imageinfo&utm_content=original,Creative Commons / Public Domain,true
p-circular-scratcher-track-ball-combo,Circular Scratcher with Perimeter Ball Track,4,/products/circular-scratcher-track-ball-combo/image-4.webp,1000x1000,64.0,1:1,Circular Scratcher with Perimeter Ball Track packaging and scale overview,https://upload.wikimedia.org/wikipedia/commons/0/0c/Kletternde_Katze.JPG?utm_source=commons.wikimedia.org&utm_campaign=imageinfo&utm_content=original,Creative Commons / Public Domain,true
p-solid-wood-circular-cat-track-toy,Solid Beechwood Circular Ball Track,1,/products/solid-wood-circular-cat-track-toy/image-1.webp,1000x1000,103.4,1:1,Solid Beechwood Circular Ball Track view 1 on clean background,https://upload.wikimedia.org/wikipedia/commons/4/49/Mama_%2C_I%27m_bored-There%27s_nothing_to_do_%21%21%21%21%21_%284507339843%29.jpg?utm_source=commons.wikimedia.org&utm_campaign=imageinfo&utm_content=original,Creative Commons / Public Domain,true
p-solid-wood-circular-cat-track-toy,Solid Beechwood Circular Ball Track,2,/products/solid-wood-circular-cat-track-toy/image-2.webp,1000x1000,240.7,1:1,Solid Beechwood Circular Ball Track lifestyle in-use play view,https://upload.wikimedia.org/wikipedia/commons/7/7b/Naturkratzbaum.jpg?utm_source=commons.wikimedia.org&utm_campaign=imageinfo&utm_content=original,Creative Commons / Public Domain,true
p-solid-wood-circular-cat-track-toy,Solid Beechwood Circular Ball Track,3,/products/solid-wood-circular-cat-track-toy/image-3.webp,1000x1000,43.5,1:1,Solid Beechwood Circular Ball Track material and texture detail,https://upload.wikimedia.org/wikipedia/commons/5/50/XXL_4_Stamm_Kratzbaum_von_CATHOME.jpg?utm_source=commons.wikimedia.org&utm_campaign=imageinfo&utm_content=original,Creative Commons / Public Domain,true
p-solid-wood-circular-cat-track-toy,Solid Beechwood Circular Ball Track,4,/products/solid-wood-circular-cat-track-toy/image-4.webp,1000x1000,99.4,1:1,Solid Beechwood Circular Ball Track packaging and scale overview,https://upload.wikimedia.org/wikipedia/commons/4/49/A_British_Shorthorn_Blue_Cat.jpg?utm_source=commons.wikimedia.org&utm_campaign=imageinfo&utm_content=original,Creative Commons / Public Domain,true
p-pure-wool-felt-cat-balls-4pack,Natural New Zealand Wool Felt Cat Balls (4-Pack),1,/products/pure-wool-felt-cat-balls-4pack/image-1.webp,1000x1000,173.1,1:1,Natural New Zealand Wool Felt Cat Balls (4-Pack) view 1 on clean background,https://upload.wikimedia.org/wikipedia/commons/e/e6/Charles_Marville%2C_Rue_Tirechape%2C_de_la_rue_de_Rivoli%2C_ca._1853%E2%80%9370%2C_edited.jpg?utm_source=commons.wikimedia.org&utm_campaign=imageinfo&utm_content=original,Creative Commons / Public Domain,true
p-pure-wool-felt-cat-balls-4pack,Natural New Zealand Wool Felt Cat Balls (4-Pack),2,/products/pure-wool-felt-cat-balls-4pack/image-2.webp,1000x1000,94.8,1:1,Natural New Zealand Wool Felt Cat Balls (4-Pack) lifestyle in-use play view,https://upload.wikimedia.org/wikipedia/commons/9/96/Corrugated_fiberboard_scratch_pad.jpg?utm_source=commons.wikimedia.org&utm_campaign=imageinfo&utm_content=original,Creative Commons / Public Domain,true
p-pure-wool-felt-cat-balls-4pack,Natural New Zealand Wool Felt Cat Balls (4-Pack),3,/products/pure-wool-felt-cat-balls-4pack/image-3.webp,1000x1000,155.1,1:1,Natural New Zealand Wool Felt Cat Balls (4-Pack) material and texture detail,https://upload.wikimedia.org/wikipedia/commons/8/8d/Drawing%2C_Catskills_at_sunset%2C_1882_%28CH_18194007%29.jpg?utm_source=commons.wikimedia.org&utm_campaign=imageinfo&utm_content=original,Creative Commons / Public Domain,true
p-pure-wool-felt-cat-balls-4pack,Natural New Zealand Wool Felt Cat Balls (4-Pack),4,/products/pure-wool-felt-cat-balls-4pack/image-4.webp,1000x1000,144.2,1:1,Natural New Zealand Wool Felt Cat Balls (4-Pack) packaging and scale overview,https://upload.wikimedia.org/wikipedia/commons/c/c2/Drawing%2C_Catskills_at_sunset%2C_1882_%28CH_18194007-2%29.jpg?utm_source=commons.wikimedia.org&utm_campaign=imageinfo&utm_content=original,Creative Commons / Public Domain,true
p-lattice-jingle-bell-balls-6pack,Lattice Jingle Bell Plastic Cat Balls (6-Pack),1,/products/lattice-jingle-bell-balls-6pack/image-1.webp,1000x1000,86.7,1:1,Lattice Jingle Bell Plastic Cat Balls (6-Pack) view 1 on clean background,https://upload.wikimedia.org/wikipedia/commons/e/eb/Edward_Duncan_-_Off_Whitby_-_B2008.30.24_-_Yale_Center_for_British_Art.jpg?utm_source=commons.wikimedia.org&utm_campaign=imageinfo&utm_content=original,Creative Commons / Public Domain,true
p-lattice-jingle-bell-balls-6pack,Lattice Jingle Bell Plastic Cat Balls (6-Pack),2,/products/lattice-jingle-bell-balls-6pack/image-2.webp,1000x1000,128.3,1:1,Lattice Jingle Bell Plastic Cat Balls (6-Pack) lifestyle in-use play view,https://upload.wikimedia.org/wikipedia/commons/a/a2/Henri_de_Toulouse-Lautrec_The_Laundress_1888_Cleveland_Museum_of_Art.jpg?utm_source=commons.wikimedia.org&utm_campaign=imageinfo&utm_content=original,Creative Commons / Public Domain,true
p-lattice-jingle-bell-balls-6pack,Lattice Jingle Bell Plastic Cat Balls (6-Pack),3,/products/lattice-jingle-bell-balls-6pack/image-3.webp,1000x1000,243.8,1:1,Lattice Jingle Bell Plastic Cat Balls (6-Pack) material and texture detail,https://upload.wikimedia.org/wikipedia/commons/e/ec/Lunch_at_the_Venice_hospice_%28unknown_date%29%2C_by_Italico_Brass.jpg?utm_source=commons.wikimedia.org&utm_campaign=imageinfo&utm_content=original,Creative Commons / Public Domain,true
p-lattice-jingle-bell-balls-6pack,Lattice Jingle Bell Plastic Cat Balls (6-Pack),4,/products/lattice-jingle-bell-balls-6pack/image-4.webp,1000x1000,65.5,1:1,Lattice Jingle Bell Plastic Cat Balls (6-Pack) packaging and scale overview,https://upload.wikimedia.org/wikipedia/commons/8/82/Maisey_%2850245109686%29.jpg?utm_source=commons.wikimedia.org&utm_campaign=imageinfo&utm_content=original,Creative Commons / Public Domain,true
p-flashing-motion-led-track-ball,Motion-Activated LED Light-Up Track Ball (2-Pack),1,/products/flashing-motion-led-track-ball/image-1.webp,1000x1000,105.9,1:1,Motion-Activated LED Light-Up Track Ball (2-Pack) view 1 on clean background,https://upload.wikimedia.org/wikipedia/commons/d/d3/Maisey_%2850245109686%29_%282020%3B_cropped_2025%29.jpg?utm_source=commons.wikimedia.org&utm_campaign=imageinfo&utm_content=original,Creative Commons / Public Domain,true
p-flashing-motion-led-track-ball,Motion-Activated LED Light-Up Track Ball (2-Pack),2,/products/flashing-motion-led-track-ball/image-2.webp,1000x1000,60.2,1:1,Motion-Activated LED Light-Up Track Ball (2-Pack) lifestyle in-use play view,https://upload.wikimedia.org/wikipedia/commons/3/3b/Polydactyl_Cat%2C_Saturday_March_28_2026.jpg?utm_source=commons.wikimedia.org&utm_campaign=imageinfo&utm_content=original,Creative Commons / Public Domain,true
p-flashing-motion-led-track-ball,Motion-Activated LED Light-Up Track Ball (2-Pack),3,/products/flashing-motion-led-track-ball/image-3.webp,1000x1000,97.7,1:1,Motion-Activated LED Light-Up Track Ball (2-Pack) material and texture detail,https://upload.wikimedia.org/wikipedia/commons/2/29/Sir_Thomas_Chaloner_%28BM_P%2C1.103%29.jpg?utm_source=commons.wikimedia.org&utm_campaign=imageinfo&utm_content=original,Creative Commons / Public Domain,true
p-flashing-motion-led-track-ball,Motion-Activated LED Light-Up Track Ball (2-Pack),4,/products/flashing-motion-led-track-ball/image-4.webp,1000x1000,96.4,1:1,Motion-Activated LED Light-Up Track Ball (2-Pack) packaging and scale overview,https://upload.wikimedia.org/wikipedia/commons/4/46/Culture_du_sisal_au_Kenya_-_Boss%2C_M._-_btv1b101110191.jpg?utm_source=commons.wikimedia.org&utm_campaign=imageinfo&utm_content=original,Creative Commons / Public Domain,true
p-automatic-rolling-led-smart-cat-ball,Smart Self-Rolling LED Cat Activity Ball,1,/products/automatic-rolling-led-smart-cat-ball/image-1.webp,1000x1000,138.9,1:1,Smart Self-Rolling LED Cat Activity Ball view 1 on clean background,https://upload.wikimedia.org/wikipedia/commons/a/a2/Culture_du_sisal_au_Kenya_-_Boss%2C_M._-_btv1b10111020d.jpg?utm_source=commons.wikimedia.org&utm_campaign=imageinfo&utm_content=original,Creative Commons / Public Domain,true
p-automatic-rolling-led-smart-cat-ball,Smart Self-Rolling LED Cat Activity Ball,2,/products/automatic-rolling-led-smart-cat-ball/image-2.webp,1000x1000,92.9,1:1,Smart Self-Rolling LED Cat Activity Ball lifestyle in-use play view,https://upload.wikimedia.org/wikipedia/commons/8/85/Culture_du_sisal_au_Kenya_-_Boss%2C_M._-_btv1b10111021v.jpg?utm_source=commons.wikimedia.org&utm_campaign=imageinfo&utm_content=original,Creative Commons / Public Domain,true
p-automatic-rolling-led-smart-cat-ball,Smart Self-Rolling LED Cat Activity Ball,3,/products/automatic-rolling-led-smart-cat-ball/image-3.webp,1000x1000,79.7,1:1,Smart Self-Rolling LED Cat Activity Ball material and texture detail,https://upload.wikimedia.org/wikipedia/commons/e/ef/Culture_du_sisal_au_Kenya_-_Boss%2C_M._-_btv1b10111027j.jpg?utm_source=commons.wikimedia.org&utm_campaign=imageinfo&utm_content=original,Creative Commons / Public Domain,true
p-automatic-rolling-led-smart-cat-ball,Smart Self-Rolling LED Cat Activity Ball,4,/products/automatic-rolling-led-smart-cat-ball/image-4.webp,1000x1000,141.1,1:1,Smart Self-Rolling LED Cat Activity Ball packaging and scale overview,https://upload.wikimedia.org/wikipedia/commons/8/8d/Culture_du_sisal_au_Kenya_-_Boss%2C_M._-_btv1b10111030t.jpg?utm_source=commons.wikimedia.org&utm_campaign=imageinfo&utm_content=original,Creative Commons / Public Domain,true
p-fluttering-butterfly-motion-cat-toy,360-Degree Fluttering Butterfly Activity Base,1,/products/fluttering-butterfly-motion-cat-toy/image-1.webp,1000x1000,123.0,1:1,360-Degree Fluttering Butterfly Activity Base view 1 on clean background,https://upload.wikimedia.org/wikipedia/commons/b/b2/Culture_du_sisal_au_Tanganyika_%28ex_Est-Africain_allemand%29_-_Boss%2C_M._-_btv1b10111038d.jpg?utm_source=commons.wikimedia.org&utm_campaign=imageinfo&utm_content=original,Creative Commons / Public Domain,true
p-fluttering-butterfly-motion-cat-toy,360-Degree Fluttering Butterfly Activity Base,2,/products/fluttering-butterfly-motion-cat-toy/image-2.webp,1000x1000,170.4,1:1,360-Degree Fluttering Butterfly Activity Base lifestyle in-use play view,https://upload.wikimedia.org/wikipedia/commons/1/12/Culture_du_sisal_%C3%A0_Madagascar_-_Cayla%2C_Victor_-_btv1b101110659.jpg?utm_source=commons.wikimedia.org&utm_campaign=imageinfo&utm_content=original,Creative Commons / Public Domain,true
p-fluttering-butterfly-motion-cat-toy,360-Degree Fluttering Butterfly Activity Base,3,/products/fluttering-butterfly-motion-cat-toy/image-3.webp,1000x1000,120.9,1:1,360-Degree Fluttering Butterfly Activity Base material and texture detail,https://upload.wikimedia.org/wikipedia/commons/6/62/La_plantation_de_sisal_de_Sam%C3%A9_au_Soudan_fran%C3%A7ais_-_btv1b10103008j.jpg?utm_source=commons.wikimedia.org&utm_campaign=imageinfo&utm_content=original,Creative Commons / Public Domain,true
p-fluttering-butterfly-motion-cat-toy,360-Degree Fluttering Butterfly Activity Base,4,/products/fluttering-butterfly-motion-cat-toy/image-4.webp,1000x1000,131.6,1:1,360-Degree Fluttering Butterfly Activity Base packaging and scale overview,https://upload.wikimedia.org/wikipedia/commons/8/89/Making_rope_from_henequen_or_sisal_fiber_along_Inter-American_Highway_near_Cartago%2C_Bridge_located_in_town_of_El_Lejar%2C_Built_in_1868_-_DPLA_-_ee2448672fa657964b5fd8f2f7869fbe.jpg?utm_source=commons.wikimedia.org&utm_campaign=imageinfo&utm_content=original,Creative Commons / Public Domain,true
p-interactive-feather-hide-and-seek-box,Feather Hide-and-Seek Ambush Box,1,/products/interactive-feather-hide-and-seek-box/image-1.webp,1000x1000,108.2,1:1,Feather Hide-and-Seek Ambush Box view 1 on clean background,https://upload.wikimedia.org/wikipedia/commons/7/77/Photo_A_cargo_of_sisal_fibres_on_a_ship_in_the_port_of_Tanga_1959_-_Touring_Club_Italiano_BBU_122.jpg?utm_source=commons.wikimedia.org&utm_campaign=imageinfo&utm_content=original,Creative Commons / Public Domain,true
p-interactive-feather-hide-and-seek-box,Feather Hide-and-Seek Ambush Box,2,/products/interactive-feather-hide-and-seek-box/image-2.webp,1000x1000,87.1,1:1,Feather Hide-and-Seek Ambush Box lifestyle in-use play view,https://upload.wikimedia.org/wikipedia/commons/7/76/Photo_Some_men_select_the_sisal_fibers_before_they_are_immersed_in_the_washing_tubs_1959_-_Touring_Club_Italiano_BBU_120.jpg?utm_source=commons.wikimedia.org&utm_campaign=imageinfo&utm_content=original,Creative Commons / Public Domain,true
p-interactive-feather-hide-and-seek-box,Feather Hide-and-Seek Ambush Box,3,/products/interactive-feather-hide-and-seek-box/image-3.webp,1000x1000,227.0,1:1,Feather Hide-and-Seek Ambush Box material and texture detail,https://upload.wikimedia.org/wikipedia/commons/9/9c/2021-01-04_10_44_13_A_Calico_cat_yawning_while_lying_on_a_carpet_with_a_toy_mouse_in_the_Franklin_Farm_section_of_Oak_Hill%2C_Fairfax_County%2C_Virginia.jpg?utm_source=commons.wikimedia.org&utm_campaign=imageinfo&utm_content=original,Creative Commons / Public Domain,true
p-interactive-feather-hide-and-seek-box,Feather Hide-and-Seek Ambush Box,4,/products/interactive-feather-hide-and-seek-box/image-4.webp,1000x1000,225.1,1:1,Feather Hide-and-Seek Ambush Box packaging and scale overview,https://upload.wikimedia.org/wikipedia/commons/a/a3/2021-01-04_10_44_26_A_Calico_cat_licking_her_paw_while_lying_on_a_carpet_with_a_toy_mouse_in_the_Franklin_Farm_section_of_Oak_Hill%2C_Fairfax_County%2C_Virginia.jpg?utm_source=commons.wikimedia.org&utm_campaign=imageinfo&utm_content=original,Creative Commons / Public Domain,true
p-chirping-bird-sound-touch-toy,Chirping Bird Sound Touch-Activated Toy,1,/products/chirping-bird-sound-touch-toy/image-1.webp,1000x1000,221.8,1:1,Chirping Bird Sound Touch-Activated Toy view 1 on clean background,https://upload.wikimedia.org/wikipedia/commons/e/ee/2021-01-04_10_44_31_A_Calico_cat_lying_on_a_carpet_with_a_toy_mouse_in_the_Franklin_Farm_section_of_Oak_Hill%2C_Fairfax_County%2C_Virginia.jpg?utm_source=commons.wikimedia.org&utm_campaign=imageinfo&utm_content=original,Creative Commons / Public Domain,true
p-chirping-bird-sound-touch-toy,Chirping Bird Sound Touch-Activated Toy,2,/products/chirping-bird-sound-touch-toy/image-2.webp,1000x1000,221.9,1:1,Chirping Bird Sound Touch-Activated Toy lifestyle in-use play view,https://upload.wikimedia.org/wikipedia/commons/6/6e/2021-01-04_10_44_37_A_Calico_cat_lying_on_a_carpet_with_a_toy_mouse_in_the_Franklin_Farm_section_of_Oak_Hill%2C_Fairfax_County%2C_Virginia.jpg?utm_source=commons.wikimedia.org&utm_campaign=imageinfo&utm_content=original,Creative Commons / Public Domain,true
p-chirping-bird-sound-touch-toy,Chirping Bird Sound Touch-Activated Toy,3,/products/chirping-bird-sound-touch-toy/image-3.webp,1000x1000,91.8,1:1,Chirping Bird Sound Touch-Activated Toy material and texture detail,https://upload.wikimedia.org/wikipedia/commons/e/e4/A_mouse_victimized_by_a_cat.jpg?utm_source=commons.wikimedia.org&utm_campaign=imageinfo&utm_content=original,Creative Commons / Public Domain,true
p-chirping-bird-sound-touch-toy,Chirping Bird Sound Touch-Activated Toy,4,/products/chirping-bird-sound-touch-toy/image-4.webp,1000x1000,125.1,1:1,Chirping Bird Sound Touch-Activated Toy packaging and scale overview,https://upload.wikimedia.org/wikipedia/commons/4/45/Ancotwo.jpg?utm_source=commons.wikimedia.org&utm_campaign=imageinfo&utm_content=original,Creative Commons / Public Domain,true
p-automated-laser-tower-tumbler-cat,Automated Rotating Laser Cat Tower,1,/products/automated-laser-tower-tumbler-cat/image-1.webp,1000x1000,143.1,1:1,Automated Rotating Laser Cat Tower view 1 on clean background,https://upload.wikimedia.org/wikipedia/commons/a/af/Biscuit.The.Flying.Cat.jpg?utm_source=commons.wikimedia.org&utm_campaign=imageinfo&utm_content=original,Creative Commons / Public Domain,true
p-automated-laser-tower-tumbler-cat,Automated Rotating Laser Cat Tower,2,/products/automated-laser-tower-tumbler-cat/image-2.webp,1000x1000,94.3,1:1,Automated Rotating Laser Cat Tower lifestyle in-use play view,https://upload.wikimedia.org/wikipedia/commons/9/95/Black_Shorthaired_Tabby_Cat.jpg?utm_source=commons.wikimedia.org&utm_campaign=imageinfo&utm_content=original,Creative Commons / Public Domain,true
p-automated-laser-tower-tumbler-cat,Automated Rotating Laser Cat Tower,3,/products/automated-laser-tower-tumbler-cat/image-3.webp,1000x1000,48.9,1:1,Automated Rotating Laser Cat Tower material and texture detail,https://upload.wikimedia.org/wikipedia/commons/e/e2/Cat_wearing_false_mustache_%285722683698%29.jpg?utm_source=commons.wikimedia.org&utm_campaign=imageinfo&utm_content=original,Creative Commons / Public Domain,true
p-automated-laser-tower-tumbler-cat,Automated Rotating Laser Cat Tower,4,/products/automated-laser-tower-tumbler-cat/image-4.webp,1000x1000,195.3,1:1,Automated Rotating Laser Cat Tower packaging and scale overview,https://upload.wikimedia.org/wikipedia/commons/e/ef/Cat_with_toy.jpg?utm_source=commons.wikimedia.org&utm_campaign=imageinfo&utm_content=original,Creative Commons / Public Domain,true
p-motion-sensing-running-mouse-toy,Motion-Sensing Scurrying Robot Mouse,1,/products/motion-sensing-running-mouse-toy/image-1.webp,1000x1000,51.5,1:1,Motion-Sensing Scurrying Robot Mouse view 1 on clean background,https://upload.wikimedia.org/wikipedia/commons/2/22/Gato_%26_raton.jpg?utm_source=commons.wikimedia.org&utm_campaign=imageinfo&utm_content=original,Creative Commons / Public Domain,true
p-motion-sensing-running-mouse-toy,Motion-Sensing Scurrying Robot Mouse,2,/products/motion-sensing-running-mouse-toy/image-2.webp,1000x1000,131.5,1:1,Motion-Sensing Scurrying Robot Mouse lifestyle in-use play view,https://upload.wikimedia.org/wikipedia/commons/b/b2/Harriet_playing_with_a_knitted_toy_mouse.jpg?utm_source=commons.wikimedia.org&utm_campaign=imageinfo&utm_content=original,Creative Commons / Public Domain,true
p-motion-sensing-running-mouse-toy,Motion-Sensing Scurrying Robot Mouse,3,/products/motion-sensing-running-mouse-toy/image-3.webp,1000x1000,90.4,1:1,Motion-Sensing Scurrying Robot Mouse material and texture detail,https://upload.wikimedia.org/wikipedia/commons/c/cd/Miyako_is_playing_with_a_fishing-rod_toy_%287756356192%29.jpg?utm_source=commons.wikimedia.org&utm_campaign=imageinfo&utm_content=original,Creative Commons / Public Domain,true
p-motion-sensing-running-mouse-toy,Motion-Sensing Scurrying Robot Mouse,4,/products/motion-sensing-running-mouse-toy/image-4.webp,1000x1000,223.3,1:1,Motion-Sensing Scurrying Robot Mouse packaging and scale overview,https://upload.wikimedia.org/wikipedia/commons/4/4b/Tabby_Cat_with_Toy_Mouse.jpg?utm_source=commons.wikimedia.org&utm_campaign=imageinfo&utm_content=original,Creative Commons / Public Domain,true
p-3-way-collapsible-crinkle-cat-tunnel,3-Way Collapsible Crinkle Play Tunnel,1,/products/3-way-collapsible-crinkle-cat-tunnel/image-1.webp,1000x1000,66.5,1:1,3-Way Collapsible Crinkle Play Tunnel view 1 on clean background,https://upload.wikimedia.org/wikipedia/commons/2/27/Cat-N3930-P5260364-gradient.jpg?utm_source=commons.wikimedia.org&utm_campaign=imageinfo&utm_content=original,Creative Commons / Public Domain,true
p-3-way-collapsible-crinkle-cat-tunnel,3-Way Collapsible Crinkle Play Tunnel,2,/products/3-way-collapsible-crinkle-cat-tunnel/image-2.webp,1000x1000,87.5,1:1,3-Way Collapsible Crinkle Play Tunnel lifestyle in-use play view,https://upload.wikimedia.org/wikipedia/commons/c/ca/Cat-N3930-P5260364-white.jpg?utm_source=commons.wikimedia.org&utm_campaign=imageinfo&utm_content=original,Creative Commons / Public Domain,true
p-3-way-collapsible-crinkle-cat-tunnel,3-Way Collapsible Crinkle Play Tunnel,3,/products/3-way-collapsible-crinkle-cat-tunnel/image-3.webp,1000x1000,225.0,1:1,3-Way Collapsible Crinkle Play Tunnel material and texture detail,https://upload.wikimedia.org/wikipedia/commons/9/9f/Cat-N3930-P5260367-black.jpg?utm_source=commons.wikimedia.org&utm_campaign=imageinfo&utm_content=original,Creative Commons / Public Domain,true
p-3-way-collapsible-crinkle-cat-tunnel,3-Way Collapsible Crinkle Play Tunnel,4,/products/3-way-collapsible-crinkle-cat-tunnel/image-4.webp,1000x1000,117.2,1:1,3-Way Collapsible Crinkle Play Tunnel packaging and scale overview,https://upload.wikimedia.org/wikipedia/commons/3/3c/Cat-N3930-P5260367-white.jpg?utm_source=commons.wikimedia.org&utm_campaign=imageinfo&utm_content=original,Creative Commons / Public Domain,true
p-felt-donut-tunnel-hideaway-bed,Felt Donut Circular Tunnel Bed,1,/products/felt-donut-tunnel-hideaway-bed/image-1.webp,1000x1000,354.9,1:1,Felt Donut Circular Tunnel Bed view 1 on clean background,https://upload.wikimedia.org/wikipedia/commons/7/72/Cat_playing_with_a_lizard.jpg?utm_source=commons.wikimedia.org&utm_campaign=imageinfo&utm_content=original,Creative Commons / Public Domain,true
p-felt-donut-tunnel-hideaway-bed,Felt Donut Circular Tunnel Bed,2,/products/felt-donut-tunnel-hideaway-bed/image-2.webp,1000x1000,146.0,1:1,Felt Donut Circular Tunnel Bed lifestyle in-use play view,https://upload.wikimedia.org/wikipedia/commons/b/bb/Cat_Hill_Chase_Side_Pond_01.JPG?utm_source=commons.wikimedia.org&utm_campaign=imageinfo&utm_content=original,Creative Commons / Public Domain,true
p-felt-donut-tunnel-hideaway-bed,Felt Donut Circular Tunnel Bed,3,/products/felt-donut-tunnel-hideaway-bed/image-3.webp,1000x1000,79.4,1:1,Felt Donut Circular Tunnel Bed material and texture detail,https://upload.wikimedia.org/wikipedia/commons/f/fd/Cat_Hill_Chase_Side_Pond_02.JPG?utm_source=commons.wikimedia.org&utm_campaign=imageinfo&utm_content=original,Creative Commons / Public Domain,true
p-felt-donut-tunnel-hideaway-bed,Felt Donut Circular Tunnel Bed,4,/products/felt-donut-tunnel-hideaway-bed/image-4.webp,1000x1000,178.2,1:1,Felt Donut Circular Tunnel Bed packaging and scale overview,https://upload.wikimedia.org/wikipedia/commons/d/de/Cat_Hill_Chase_Side_Pond_03.JPG?utm_source=commons.wikimedia.org&utm_campaign=imageinfo&utm_content=original,Creative Commons / Public Domain,true
p-pop-up-cube-and-tunnel-combo,Pop-Up Play Cube and Tunnel Combo,1,/products/pop-up-cube-and-tunnel-combo/image-1.webp,1000x1000,37.0,1:1,Pop-Up Play Cube and Tunnel Combo view 1 on clean background,https://upload.wikimedia.org/wikipedia/commons/9/9e/Cat_chasing_dog_%283595038299%29.jpg?utm_source=commons.wikimedia.org&utm_campaign=imageinfo&utm_content=original,Creative Commons / Public Domain,true
p-pop-up-cube-and-tunnel-combo,Pop-Up Play Cube and Tunnel Combo,2,/products/pop-up-cube-and-tunnel-combo/image-2.webp,1000x1000,114.8,1:1,Pop-Up Play Cube and Tunnel Combo lifestyle in-use play view,https://upload.wikimedia.org/wikipedia/commons/d/df/Cat_in_Temple_Doorway%2C_Jade_Buddha_Temple.jpg?utm_source=commons.wikimedia.org&utm_campaign=imageinfo&utm_content=original,Creative Commons / Public Domain,true
p-pop-up-cube-and-tunnel-combo,Pop-Up Play Cube and Tunnel Combo,3,/products/pop-up-cube-and-tunnel-combo/image-3.webp,1000x1000,96.0,1:1,Pop-Up Play Cube and Tunnel Combo material and texture detail,https://upload.wikimedia.org/wikipedia/commons/1/17/Dogs_Chasing_Cat_%2852188875566%29.jpg?utm_source=commons.wikimedia.org&utm_campaign=imageinfo&utm_content=original,Creative Commons / Public Domain,true
p-pop-up-cube-and-tunnel-combo,Pop-Up Play Cube and Tunnel Combo,4,/products/pop-up-cube-and-tunnel-combo/image-4.webp,1000x1000,173.7,1:1,Pop-Up Play Cube and Tunnel Combo packaging and scale overview,https://upload.wikimedia.org/wikipedia/commons/b/b8/Francisco_de_Goya_-_Dogs_Chasing_a_Cat_on_a_Man_on_a_Donkey_-_BF689.1_-_Barnes_Foundation.jpg?utm_source=commons.wikimedia.org&utm_campaign=imageinfo&utm_content=original,Creative Commons / Public Domain,true
p-s-shaped-agility-long-cat-tunnel,S-Shaped 4-Foot Long Agility Cat Tunnel,1,/products/s-shaped-agility-long-cat-tunnel/image-1.webp,1000x1000,74.5,1:1,S-Shaped 4-Foot Long Agility Cat Tunnel view 1 on clean background,https://upload.wikimedia.org/wikipedia/commons/9/98/Frisbee_spodek_2008_2p.jpg?utm_source=commons.wikimedia.org&utm_campaign=imageinfo&utm_content=original,Creative Commons / Public Domain,true
p-s-shaped-agility-long-cat-tunnel,S-Shaped 4-Foot Long Agility Cat Tunnel,2,/products/s-shaped-agility-long-cat-tunnel/image-2.webp,1000x1000,62.7,1:1,S-Shaped 4-Foot Long Agility Cat Tunnel lifestyle in-use play view,https://upload.wikimedia.org/wikipedia/commons/6/61/Frisbee_spodek_2008_3p.jpg?utm_source=commons.wikimedia.org&utm_campaign=imageinfo&utm_content=original,Creative Commons / Public Domain,true
p-s-shaped-agility-long-cat-tunnel,S-Shaped 4-Foot Long Agility Cat Tunnel,3,/products/s-shaped-agility-long-cat-tunnel/image-3.webp,1000x1000,41.2,1:1,S-Shaped 4-Foot Long Agility Cat Tunnel material and texture detail,https://upload.wikimedia.org/wikipedia/commons/b/be/Frisbee_spodek_2008_p.jpg?utm_source=commons.wikimedia.org&utm_campaign=imageinfo&utm_content=original,Creative Commons / Public Domain,true
p-s-shaped-agility-long-cat-tunnel,S-Shaped 4-Foot Long Agility Cat Tunnel,4,/products/s-shaped-agility-long-cat-tunnel/image-4.webp,1000x1000,92.8,1:1,S-Shaped 4-Foot Long Agility Cat Tunnel packaging and scale overview,https://upload.wikimedia.org/wikipedia/commons/2/2d/Border_Collie_with_Frisbee_%285009486147%29.jpg?utm_source=commons.wikimedia.org&utm_campaign=imageinfo&utm_content=original,Creative Commons / Public Domain,true
p-canvas-and-plush-warm-hide-chute,Canvas and Sherpa Lined Warm Play Chute,1,/products/canvas-and-plush-warm-hide-chute/image-1.webp,1000x1000,136.4,1:1,Canvas and Sherpa Lined Warm Play Chute view 1 on clean background,https://upload.wikimedia.org/wikipedia/commons/1/18/Indoor_Sports_-_Chasing_the_Cat_Out_of_the_House.jpg?utm_source=commons.wikimedia.org&utm_campaign=imageinfo&utm_content=original,Creative Commons / Public Domain,true
p-canvas-and-plush-warm-hide-chute,Canvas and Sherpa Lined Warm Play Chute,2,/products/canvas-and-plush-warm-hide-chute/image-2.webp,1000x1000,61.2,1:1,Canvas and Sherpa Lined Warm Play Chute lifestyle in-use play view,https://upload.wikimedia.org/wikipedia/commons/9/99/Relaxed_Cat%2C_Dahab.jpg?utm_source=commons.wikimedia.org&utm_campaign=imageinfo&utm_content=original,Creative Commons / Public Domain,true
p-canvas-and-plush-warm-hide-chute,Canvas and Sherpa Lined Warm Play Chute,3,/products/canvas-and-plush-warm-hide-chute/image-3.webp,1000x1000,90.6,1:1,Canvas and Sherpa Lined Warm Play Chute material and texture detail,https://upload.wikimedia.org/wikipedia/commons/4/4f/Rough_and_Tumble_chasing_a_cat_who_escapes_up_a_tree.jpg?utm_source=commons.wikimedia.org&utm_campaign=imageinfo&utm_content=original,Creative Commons / Public Domain,true
p-canvas-and-plush-warm-hide-chute,Canvas and Sherpa Lined Warm Play Chute,4,/products/canvas-and-plush-warm-hide-chute/image-4.webp,1000x1000,1.8,1:1,Canvas and Sherpa Lined Warm Play Chute packaging and scale overview,https://upload.wikimedia.org/wikipedia/commons/e/e7/Rough_and_Tumble_chasing_a_cat_who_escapes_up_a_tree.png?utm_source=commons.wikimedia.org&utm_campaign=imageinfo&utm_content=original,Creative Commons / Public Domain,true
p-peephole-collapsible-mini-play-tube,Collapsible Mini Play Tube with Dangling Ball,1,/products/peephole-collapsible-mini-play-tube/image-1.webp,1000x1000,55.4,1:1,Collapsible Mini Play Tube with Dangling Ball view 1 on clean background,https://upload.wikimedia.org/wikipedia/commons/6/6c/Cat-N3930-P5260367-gradient.jpg?utm_source=commons.wikimedia.org&utm_campaign=imageinfo&utm_content=original,Creative Commons / Public Domain,true
p-peephole-collapsible-mini-play-tube,Collapsible Mini Play Tube with Dangling Ball,2,/products/peephole-collapsible-mini-play-tube/image-2.webp,1000x1000,20.7,1:1,Collapsible Mini Play Tube with Dangling Ball lifestyle in-use play view,https://upload.wikimedia.org/wikipedia/commons/0/07/Cat_playing_with_kitten_E5586-P5260380-white.jpg?utm_source=commons.wikimedia.org&utm_campaign=imageinfo&utm_content=original,Creative Commons / Public Domain,true
p-peephole-collapsible-mini-play-tube,Collapsible Mini Play Tube with Dangling Ball,3,/products/peephole-collapsible-mini-play-tube/image-3.webp,1000x1000,59.0,1:1,Collapsible Mini Play Tube with Dangling Ball material and texture detail,https://upload.wikimedia.org/wikipedia/commons/1/12/Cat_playing_with_kitten_E5586-P5260382-gradient.jpg?utm_source=commons.wikimedia.org&utm_campaign=imageinfo&utm_content=original,Creative Commons / Public Domain,true
p-peephole-collapsible-mini-play-tube,Collapsible Mini Play Tube with Dangling Ball,4,/products/peephole-collapsible-mini-play-tube/image-4.webp,1000x1000,38.9,1:1,Collapsible Mini Play Tube with Dangling Ball packaging and scale overview,https://upload.wikimedia.org/wikipedia/commons/3/33/Cat_playing_with_kitten_E5586-P5260386-black.jpg?utm_source=commons.wikimedia.org&utm_campaign=imageinfo&utm_content=original,Creative Commons / Public Domain,true
p-wave-contour-cardboard-scratcher-lounge,Wave Contour Cardboard Scratcher Lounge,1,/products/wave-contour-cardboard-scratcher-lounge/image-1.webp,1000x1000,232.7,1:1,Wave Contour Cardboard Scratcher Lounge view 1 on clean background,https://upload.wikimedia.org/wikipedia/commons/2/24/Side_of_The_Cat_Inn.jpg?utm_source=commons.wikimedia.org&utm_campaign=imageinfo&utm_content=original,Creative Commons / Public Domain,true
p-wave-contour-cardboard-scratcher-lounge,Wave Contour Cardboard Scratcher Lounge,2,/products/wave-contour-cardboard-scratcher-lounge/image-2.webp,1000x1000,178.5,1:1,Wave Contour Cardboard Scratcher Lounge lifestyle in-use play view,https://upload.wikimedia.org/wikipedia/commons/3/3e/Sign_for_The_Cat_pub.jpg?utm_source=commons.wikimedia.org&utm_campaign=imageinfo&utm_content=original,Creative Commons / Public Domain,true
p-wave-contour-cardboard-scratcher-lounge,Wave Contour Cardboard Scratcher Lounge,3,/products/wave-contour-cardboard-scratcher-lounge/image-3.webp,1000x1000,174.7,1:1,Wave Contour Cardboard Scratcher Lounge material and texture detail,https://upload.wikimedia.org/wikipedia/commons/9/9e/The_Cat_Inn%2C_West_Hoathly.jpg?utm_source=commons.wikimedia.org&utm_campaign=imageinfo&utm_content=original,Creative Commons / Public Domain,true
p-wave-contour-cardboard-scratcher-lounge,Wave Contour Cardboard Scratcher Lounge,4,/products/wave-contour-cardboard-scratcher-lounge/image-4.webp,1000x1000,168.4,1:1,Wave Contour Cardboard Scratcher Lounge packaging and scale overview,https://upload.wikimedia.org/wikipedia/commons/a/ae/The_Fraidy_Cat_%281924%29_-_1.jpg?utm_source=commons.wikimedia.org&utm_campaign=imageinfo&utm_content=original,Creative Commons / Public Domain,true
p-natural-sisal-scratching-post-ball,Natural Sisal Scratching Post with Dangling Ball,1,/products/natural-sisal-scratching-post-ball/image-1.webp,1000x1000,251.5,1:1,Natural Sisal Scratching Post with Dangling Ball view 1 on clean background,https://upload.wikimedia.org/wikipedia/commons/9/9a/Scoreboard_at_St._Pat%E2%80%99s_Ball_Park%2C_June_11%2C_2026.jpg?utm_source=commons.wikimedia.org&utm_campaign=imageinfo&utm_content=original,Creative Commons / Public Domain,true
p-natural-sisal-scratching-post-ball,Natural Sisal Scratching Post with Dangling Ball,2,/products/natural-sisal-scratching-post-ball/image-2.webp,1000x1000,251.2,1:1,Natural Sisal Scratching Post with Dangling Ball lifestyle in-use play view,https://upload.wikimedia.org/wikipedia/commons/9/9d/Scoreboard_at_St._Pat%E2%80%99s_Ball_Park%2C_June_11%2C_2026_2.jpg?utm_source=commons.wikimedia.org&utm_campaign=imageinfo&utm_content=original,Creative Commons / Public Domain,true
p-natural-sisal-scratching-post-ball,Natural Sisal Scratching Post with Dangling Ball,3,/products/natural-sisal-scratching-post-ball/image-3.webp,1000x1000,34.9,1:1,Natural Sisal Scratching Post with Dangling Ball material and texture detail,https://upload.wikimedia.org/wikipedia/commons/3/35/St._Pat%27s_Ball_Park%2C_Dave_Buckingham_room.jpg?utm_source=commons.wikimedia.org&utm_campaign=imageinfo&utm_content=original,Creative Commons / Public Domain,true
p-natural-sisal-scratching-post-ball,Natural Sisal Scratching Post with Dangling Ball,4,/products/natural-sisal-scratching-post-ball/image-4.webp,1000x1000,70.8,1:1,Natural Sisal Scratching Post with Dangling Ball packaging and scale overview,https://upload.wikimedia.org/wikipedia/commons/5/50/St._Pat%27s_Ball_Park%2C_concession_stand.jpg?utm_source=commons.wikimedia.org&utm_campaign=imageinfo&utm_content=original,Creative Commons / Public Domain,true
p-wall-mounted-sisal-scratching-mat,Wall-Mounted Sisal Scratching Mat,1,/products/wall-mounted-sisal-scratching-mat/image-1.webp,1000x1000,34.3,1:1,Wall-Mounted Sisal Scratching Mat view 1 on clean background,https://upload.wikimedia.org/wikipedia/commons/d/db/The_cat_chasing_snowflakes_%283123815205%29.jpg?utm_source=commons.wikimedia.org&utm_campaign=imageinfo&utm_content=original,Creative Commons / Public Domain,true
p-wall-mounted-sisal-scratching-mat,Wall-Mounted Sisal Scratching Mat,2,/products/wall-mounted-sisal-scratching-mat/image-2.webp,1000x1000,37.1,1:1,Wall-Mounted Sisal Scratching Mat lifestyle in-use play view,https://upload.wikimedia.org/wikipedia/commons/9/9c/The_cat_chasing_snowflakes_%283124640944%29.jpg?utm_source=commons.wikimedia.org&utm_campaign=imageinfo&utm_content=original,Creative Commons / Public Domain,true
p-wall-mounted-sisal-scratching-mat,Wall-Mounted Sisal Scratching Mat,3,/products/wall-mounted-sisal-scratching-mat/image-3.webp,1000x1000,179.7,1:1,Wall-Mounted Sisal Scratching Mat material and texture detail,https://upload.wikimedia.org/wikipedia/commons/b/bd/Two_Neanderthal_women_chasing_a_mammoth_but_chased_themselves_by_a_sabre_tooth_cat_%28Chat_GPT_Plus_May_2026%29.png?utm_source=commons.wikimedia.org&utm_campaign=imageinfo&utm_content=original,Creative Commons / Public Domain,true
p-wall-mounted-sisal-scratching-mat,Wall-Mounted Sisal Scratching Mat,4,/products/wall-mounted-sisal-scratching-mat/image-4.webp,1000x1000,112.3,1:1,Wall-Mounted Sisal Scratching Mat packaging and scale overview,https://upload.wikimedia.org/wikipedia/commons/4/4d/Two_Neanderthal_women_chasing_a_mammoth_chased_by_a_sabre_tooth_cat_%28Leonardo_AI_Feb_2023%29.jpg?utm_source=commons.wikimedia.org&utm_campaign=imageinfo&utm_content=original,Creative Commons / Public Domain,true
p-triangle-cardboard-incline-scratcher,Triangle Incline Cardboard Scratcher,1,/products/triangle-cardboard-incline-scratcher/image-1.webp,1000x1000,76.8,1:1,Triangle Incline Cardboard Scratcher view 1 on clean background,https://upload.wikimedia.org/wikipedia/commons/4/4a/A%E2%80%99shuar-Canelos_tunique_MHNT.ETH.AC.1708_.jpg?utm_source=commons.wikimedia.org&utm_campaign=imageinfo&utm_content=original,Creative Commons / Public Domain,true
p-triangle-cardboard-incline-scratcher,Triangle Incline Cardboard Scratcher,2,/products/triangle-cardboard-incline-scratcher/image-2.webp,1000x1000,80.9,1:1,Triangle Incline Cardboard Scratcher lifestyle in-use play view,https://upload.wikimedia.org/wikipedia/commons/d/d4/Bird-feather-2_-_West_Virginia_-_ForestWander.jpg?utm_source=commons.wikimedia.org&utm_campaign=imageinfo&utm_content=original,Creative Commons / Public Domain,true
p-triangle-cardboard-incline-scratcher,Triangle Incline Cardboard Scratcher,3,/products/triangle-cardboard-incline-scratcher/image-3.webp,1000x1000,74.8,1:1,Triangle Incline Cardboard Scratcher material and texture detail,https://upload.wikimedia.org/wikipedia/commons/1/1c/Bird_Feather_%28ST5AB%29_-_Raw_Material_-_MoMu_Antwerp.jpg?utm_source=commons.wikimedia.org&utm_campaign=imageinfo&utm_content=original,Creative Commons / Public Domain,true
p-triangle-cardboard-incline-scratcher,Triangle Incline Cardboard Scratcher,4,/products/triangle-cardboard-incline-scratcher/image-4.webp,1000x1000,135.5,1:1,Triangle Incline Cardboard Scratcher packaging and scale overview,https://upload.wikimedia.org/wikipedia/commons/a/a1/Bird_Feather_%28ST5B%29_-_Raw_Material_-_MoMu_Antwerp.jpg?utm_source=commons.wikimedia.org&utm_campaign=imageinfo&utm_content=original,Creative Commons / Public Domain,true
p-cactus-shaped-sisal-scratching-post,Cactus Sisal Decorative Scratching Post,1,/products/cactus-shaped-sisal-scratching-post/image-1.webp,1000x1000,386.2,1:1,Cactus Sisal Decorative Scratching Post view 1 on clean background,https://upload.wikimedia.org/wikipedia/commons/5/5e/Bird_Feather_No._11.jpg?utm_source=commons.wikimedia.org&utm_campaign=imageinfo&utm_content=original,Creative Commons / Public Domain,true
p-cactus-shaped-sisal-scratching-post,Cactus Sisal Decorative Scratching Post,2,/products/cactus-shaped-sisal-scratching-post/image-2.webp,1000x1000,275.8,1:1,Cactus Sisal Decorative Scratching Post lifestyle in-use play view,https://upload.wikimedia.org/wikipedia/commons/d/d2/Bird_Feather_No._15.jpg?utm_source=commons.wikimedia.org&utm_campaign=imageinfo&utm_content=original,Creative Commons / Public Domain,true
p-cactus-shaped-sisal-scratching-post,Cactus Sisal Decorative Scratching Post,3,/products/cactus-shaped-sisal-scratching-post/image-3.webp,1000x1000,37.7,1:1,Cactus Sisal Decorative Scratching Post material and texture detail,https://upload.wikimedia.org/wikipedia/commons/c/ce/Bird_feather_Chinawal.jpg?utm_source=commons.wikimedia.org&utm_campaign=imageinfo&utm_content=original,Creative Commons / Public Domain,true
p-cactus-shaped-sisal-scratching-post,Cactus Sisal Decorative Scratching Post,4,/products/cactus-shaped-sisal-scratching-post/image-4.webp,1000x1000,47.0,1:1,Cactus Sisal Decorative Scratching Post packaging and scale overview,https://upload.wikimedia.org/wikipedia/commons/5/54/Bird_feather_on_the_ground.jpg?utm_source=commons.wikimedia.org&utm_campaign=imageinfo&utm_content=original,Creative Commons / Public Domain,true
p-horizontal-flat-scratching-pad-tray,Horizontal Flat Scratcher Tray (2-Pack),1,/products/horizontal-flat-scratching-pad-tray/image-1.webp,1000x1000,113.8,1:1,Horizontal Flat Scratcher Tray (2-Pack) view 1 on clean background,https://upload.wikimedia.org/wikipedia/commons/8/84/Domestic_cat_with_bird_feathers_on_face.jpg?utm_source=commons.wikimedia.org&utm_campaign=imageinfo&utm_content=original,Creative Commons / Public Domain,true
p-horizontal-flat-scratching-pad-tray,Horizontal Flat Scratcher Tray (2-Pack),2,/products/horizontal-flat-scratching-pad-tray/image-2.webp,1000x1000,120.1,1:1,Horizontal Flat Scratcher Tray (2-Pack) lifestyle in-use play view,https://upload.wikimedia.org/wikipedia/commons/4/41/Donsveertje_in_het_gras_26-04-2020._%28actm.%29_01.jpg?utm_source=commons.wikimedia.org&utm_campaign=imageinfo&utm_content=original,Creative Commons / Public Domain,true
p-horizontal-flat-scratching-pad-tray,Horizontal Flat Scratcher Tray (2-Pack),3,/products/horizontal-flat-scratching-pad-tray/image-3.webp,1000x1000,64.4,1:1,Horizontal Flat Scratcher Tray (2-Pack) material and texture detail,https://upload.wikimedia.org/wikipedia/commons/e/ed/FEATHER_DUSTER_MET_DP8716.jpg?utm_source=commons.wikimedia.org&utm_campaign=imageinfo&utm_content=original,Creative Commons / Public Domain,true
p-horizontal-flat-scratching-pad-tray,Horizontal Flat Scratcher Tray (2-Pack),4,/products/horizontal-flat-scratching-pad-tray/image-4.webp,1000x1000,68.5,1:1,Horizontal Flat Scratcher Tray (2-Pack) packaging and scale overview,https://upload.wikimedia.org/wikipedia/commons/a/a6/Fan%2C_feather_%28AM_1965.78.717-1%29.jpg?utm_source=commons.wikimedia.org&utm_campaign=imageinfo&utm_content=original,Creative Commons / Public Domain,true
p-catnip-stuffed-felt-mice-3pack,Catnip-Stuffed Felt Mice Toys (3-Pack),1,/products/catnip-stuffed-felt-mice-3pack/image-1.webp,1000x1000,122.2,1:1,Catnip-Stuffed Felt Mice Toys (3-Pack) view 1 on clean background,https://upload.wikimedia.org/wikipedia/commons/4/45/Fan%2C_feather_%28AM_1965.78.717-5%29.jpg?utm_source=commons.wikimedia.org&utm_campaign=imageinfo&utm_content=original,Creative Commons / Public Domain,true
p-catnip-stuffed-felt-mice-3pack,Catnip-Stuffed Felt Mice Toys (3-Pack),2,/products/catnip-stuffed-felt-mice-3pack/image-2.webp,1000x1000,87.4,1:1,Catnip-Stuffed Felt Mice Toys (3-Pack) lifestyle in-use play view,https://upload.wikimedia.org/wikipedia/commons/6/6f/Feather_2_%28PSF%29.png?utm_source=commons.wikimedia.org&utm_campaign=imageinfo&utm_content=original,Creative Commons / Public Domain,true
p-catnip-stuffed-felt-mice-3pack,Catnip-Stuffed Felt Mice Toys (3-Pack),3,/products/catnip-stuffed-felt-mice-3pack/image-3.webp,1000x1000,217.8,1:1,Catnip-Stuffed Felt Mice Toys (3-Pack) material and texture detail,https://upload.wikimedia.org/wikipedia/commons/6/65/Feather_of_bird_Chinawal.jpg?utm_source=commons.wikimedia.org&utm_campaign=imageinfo&utm_content=original,Creative Commons / Public Domain,true
p-catnip-stuffed-felt-mice-3pack,Catnip-Stuffed Felt Mice Toys (3-Pack),4,/products/catnip-stuffed-felt-mice-3pack/image-4.webp,1000x1000,174.1,1:1,Catnip-Stuffed Felt Mice Toys (3-Pack) packaging and scale overview,https://upload.wikimedia.org/wikipedia/commons/c/cb/Feather_of_male_Pavo_cristatus_%28Indian_peafowl%29.jpg?utm_source=commons.wikimedia.org&utm_campaign=imageinfo&utm_content=original,Creative Commons / Public Domain,true
p-rattling-furry-mini-mice-6pack,Rattling Furry Mini Mice (6-Pack),1,/products/rattling-furry-mini-mice-6pack/image-1.webp,1000x1000,201.2,1:1,Rattling Furry Mini Mice (6-Pack) view 1 on clean background,https://upload.wikimedia.org/wikipedia/commons/c/cd/Ganzenveer_bedekt_met_dauw._%28d.j.b.%29_02.jpg?utm_source=commons.wikimedia.org&utm_campaign=imageinfo&utm_content=original,Creative Commons / Public Domain,true
p-rattling-furry-mini-mice-6pack,Rattling Furry Mini Mice (6-Pack),2,/products/rattling-furry-mini-mice-6pack/image-2.webp,1000x1000,222.2,1:1,Rattling Furry Mini Mice (6-Pack) lifestyle in-use play view,https://upload.wikimedia.org/wikipedia/commons/2/26/Great_Egret_%28Ardea_alba%29_in_Breeding_Plumage%2C_Cape_May_County%2C_New_Jersey%2C_USA.png?utm_source=commons.wikimedia.org&utm_campaign=imageinfo&utm_content=original,Creative Commons / Public Domain,true
p-rattling-furry-mini-mice-6pack,Rattling Furry Mini Mice (6-Pack),3,/products/rattling-furry-mini-mice-6pack/image-3.webp,1000x1000,251.2,1:1,Rattling Furry Mini Mice (6-Pack) material and texture detail,https://upload.wikimedia.org/wikipedia/commons/d/d6/Green_feathers.jpg?utm_source=commons.wikimedia.org&utm_campaign=imageinfo&utm_content=original,Creative Commons / Public Domain,true
p-rattling-furry-mini-mice-6pack,Rattling Furry Mini Mice (6-Pack),4,/products/rattling-furry-mini-mice-6pack/image-4.webp,1000x1000,65.1,1:1,Rattling Furry Mini Mice (6-Pack) packaging and scale overview,https://upload.wikimedia.org/wikipedia/commons/b/b8/Gyps_fulvus_in_flight.jpg?utm_source=commons.wikimedia.org&utm_campaign=imageinfo&utm_content=original,Creative Commons / Public Domain,true
p-metallic-mylar-crinkle-balls-6pack,Metallic Mylar Crinkle Paper Balls (6-Pack),1,/products/metallic-mylar-crinkle-balls-6pack/image-1.webp,1000x1000,527.3,1:1,Metallic Mylar Crinkle Paper Balls (6-Pack) view 1 on clean background,https://upload.wikimedia.org/wikipedia/commons/0/05/Paonroue.JPG?utm_source=commons.wikimedia.org&utm_campaign=imageinfo&utm_content=original,Creative Commons / Public Domain,true
p-metallic-mylar-crinkle-balls-6pack,Metallic Mylar Crinkle Paper Balls (6-Pack),2,/products/metallic-mylar-crinkle-balls-6pack/image-2.webp,1000x1000,505.2,1:1,Metallic Mylar Crinkle Paper Balls (6-Pack) lifestyle in-use play view,https://upload.wikimedia.org/wikipedia/commons/e/e2/Peacock_feather_close-up.jpg?utm_source=commons.wikimedia.org&utm_campaign=imageinfo&utm_content=original,Creative Commons / Public Domain,true
p-metallic-mylar-crinkle-balls-6pack,Metallic Mylar Crinkle Paper Balls (6-Pack),3,/products/metallic-mylar-crinkle-balls-6pack/image-3.webp,1000x1000,297.7,1:1,Metallic Mylar Crinkle Paper Balls (6-Pack) material and texture detail,https://upload.wikimedia.org/wikipedia/commons/2/25/Pluma_de_un_cuervo_grande_%28Corvus_corax%29%2C_Hartelholz%2C_M%C3%BAnich%2C_Alemania%2C_2020-06-20%2C_DD_30-37_FS.jpg?utm_source=commons.wikimedia.org&utm_campaign=imageinfo&utm_content=original,Creative Commons / Public Domain,true
p-metallic-mylar-crinkle-balls-6pack,Metallic Mylar Crinkle Paper Balls (6-Pack),4,/products/metallic-mylar-crinkle-balls-6pack/image-4.webp,1000x1000,49.3,1:1,Metallic Mylar Crinkle Paper Balls (6-Pack) packaging and scale overview,https://upload.wikimedia.org/wikipedia/commons/1/12/Portrait_of_a_lady_with_a_red_feather_-_Tranquillo_Cremona.jpg?utm_source=commons.wikimedia.org&utm_campaign=imageinfo&utm_content=original,Creative Commons / Public Domain,true
p-plush-catnip-fish-duo-toys,Plush Catnip Fish Toys (2-Pack),1,/products/plush-catnip-fish-duo-toys/image-1.webp,1000x1000,358.8,1:1,Plush Catnip Fish Toys (2-Pack) view 1 on clean background,https://upload.wikimedia.org/wikipedia/commons/6/63/Water_Bird_Feather_Harangi_Coorg_Apr24_A7C_10812.jpg?utm_source=commons.wikimedia.org&utm_campaign=imageinfo&utm_content=original,Creative Commons / Public Domain,true
p-plush-catnip-fish-duo-toys,Plush Catnip Fish Toys (2-Pack),2,/products/plush-catnip-fish-duo-toys/image-2.webp,1000x1000,74.6,1:1,Plush Catnip Fish Toys (2-Pack) lifestyle in-use play view,https://upload.wikimedia.org/wikipedia/commons/b/ba/Cat_and_Mouse_library%2C_Islington_%2827922996467%29.jpg?utm_source=commons.wikimedia.org&utm_campaign=imageinfo&utm_content=original,Creative Commons / Public Domain,true
p-plush-catnip-fish-duo-toys,Plush Catnip Fish Toys (2-Pack),3,/products/plush-catnip-fish-duo-toys/image-3.webp,1000x1000,57.8,1:1,Plush Catnip Fish Toys (2-Pack) material and texture detail,https://upload.wikimedia.org/wikipedia/commons/5/52/Cat_and_Mouse_library%2C_Islington_%2827922997567%29.jpg?utm_source=commons.wikimedia.org&utm_campaign=imageinfo&utm_content=original,Creative Commons / Public Domain,true
p-plush-catnip-fish-duo-toys,Plush Catnip Fish Toys (2-Pack),4,/products/plush-catnip-fish-duo-toys/image-4.webp,1000x1000,79.5,1:1,Plush Catnip Fish Toys (2-Pack) packaging and scale overview,https://upload.wikimedia.org/wikipedia/commons/7/7a/Cat_and_Mouse_library%2C_Islington_%2827922998637%29.jpg?utm_source=commons.wikimedia.org&utm_campaign=imageinfo&utm_content=original,Creative Commons / Public Domain,true
p-soft-pom-pom-bouncing-balls-12pack,Soft High-Density Pom-Pom Play Balls (12-Pack),1,/products/soft-pom-pom-bouncing-balls-12pack/image-1.webp,1000x1000,119.3,1:1,Soft High-Density Pom-Pom Play Balls (12-Pack) view 1 on clean background,https://upload.wikimedia.org/wikipedia/commons/0/05/Cat_and_Mouse_library%2C_Islington_%2828918598198%29.jpg?utm_source=commons.wikimedia.org&utm_campaign=imageinfo&utm_content=original,Creative Commons / Public Domain,true
p-soft-pom-pom-bouncing-balls-12pack,Soft High-Density Pom-Pom Play Balls (12-Pack),2,/products/soft-pom-pom-bouncing-balls-12pack/image-2.webp,1000x1000,93.5,1:1,Soft High-Density Pom-Pom Play Balls (12-Pack) lifestyle in-use play view,https://upload.wikimedia.org/wikipedia/commons/7/7c/Cat_and_Mouse_library%2C_Islington_%2828918598718%29.jpg?utm_source=commons.wikimedia.org&utm_campaign=imageinfo&utm_content=original,Creative Commons / Public Domain,true
p-soft-pom-pom-bouncing-balls-12pack,Soft High-Density Pom-Pom Play Balls (12-Pack),3,/products/soft-pom-pom-bouncing-balls-12pack/image-3.webp,1000x1000,104.6,1:1,Soft High-Density Pom-Pom Play Balls (12-Pack) material and texture detail,https://upload.wikimedia.org/wikipedia/commons/7/77/Cat_and_Mouse_library%2C_Islington_%2828918599218%29.jpg?utm_source=commons.wikimedia.org&utm_campaign=imageinfo&utm_content=original,Creative Commons / Public Domain,true
p-soft-pom-pom-bouncing-balls-12pack,Soft High-Density Pom-Pom Play Balls (12-Pack),4,/products/soft-pom-pom-bouncing-balls-12pack/image-4.webp,1000x1000,101.2,1:1,Soft High-Density Pom-Pom Play Balls (12-Pack) packaging and scale overview,https://upload.wikimedia.org/wikipedia/commons/0/08/Cat_and_Mouse_library%2C_Islington_%2828918599568%29.jpg?utm_source=commons.wikimedia.org&utm_campaign=imageinfo&utm_content=original,Creative Commons / Public Domain,true
p-catnip-filled-canvas-triangles-3pack,Catnip-Filled Canvas Geo Triangles (3-Pack),1,/products/catnip-filled-canvas-triangles-3pack/image-1.webp,1000x1000,113.1,1:1,Catnip-Filled Canvas Geo Triangles (3-Pack) view 1 on clean background,https://upload.wikimedia.org/wikipedia/commons/c/cf/Cat_and_Mouse_library%2C_Islington_%2828918600298%29.jpg?utm_source=commons.wikimedia.org&utm_campaign=imageinfo&utm_content=original,Creative Commons / Public Domain,true
p-catnip-filled-canvas-triangles-3pack,Catnip-Filled Canvas Geo Triangles (3-Pack),2,/products/catnip-filled-canvas-triangles-3pack/image-2.webp,1000x1000,121.1,1:1,Catnip-Filled Canvas Geo Triangles (3-Pack) lifestyle in-use play view,https://upload.wikimedia.org/wikipedia/commons/7/74/Cat_and_Mouse_library%2C_Islington_%2828918601778%29.jpg?utm_source=commons.wikimedia.org&utm_campaign=imageinfo&utm_content=original,Creative Commons / Public Domain,true
p-catnip-filled-canvas-triangles-3pack,Catnip-Filled Canvas Geo Triangles (3-Pack),3,/products/catnip-filled-canvas-triangles-3pack/image-3.webp,1000x1000,173.8,1:1,Catnip-Filled Canvas Geo Triangles (3-Pack) material and texture detail,https://upload.wikimedia.org/wikipedia/commons/1/19/Cat_and_mouse_-_geograph.org.uk_-_2181310.jpg?utm_source=commons.wikimedia.org&utm_campaign=imageinfo&utm_content=original,Creative Commons / Public Domain,true
p-catnip-filled-canvas-triangles-3pack,Catnip-Filled Canvas Geo Triangles (3-Pack),4,/products/catnip-filled-canvas-triangles-3pack/image-4.webp,1000x1000,195.5,1:1,Catnip-Filled Canvas Geo Triangles (3-Pack) packaging and scale overview,https://upload.wikimedia.org/wikipedia/commons/4/4a/Cat_and_mouse_on_the_fa%C3%A7ade_of_F%C3%BCnfgiebelhaus_%28Rostock%29.jpg?utm_source=commons.wikimedia.org&utm_campaign=imageinfo&utm_content=original,Creative Commons / Public Domain,true
p-power-chewer-rubber-tough-pack,Power Chewer Rubber Tough Pack (3 Toys),1,/products/power-chewer-rubber-tough-pack/image-1.webp,1000x1000,150.0,1:1,Power Chewer Rubber Tough Pack (3 Toys) view 1 on clean background,https://upload.wikimedia.org/wikipedia/commons/6/60/%22Receiving_the_task_from_the_laborers_at_a_rubber_station_in_Caraparan%C3%A1%22.jpg?utm_source=commons.wikimedia.org&utm_campaign=imageinfo&utm_content=original,Creative Commons / Public Domain,true
p-power-chewer-rubber-tough-pack,Power Chewer Rubber Tough Pack (3 Toys),2,/products/power-chewer-rubber-tough-pack/image-2.webp,1000x1000,23.3,1:1,Power Chewer Rubber Tough Pack (3 Toys) lifestyle in-use play view,https://upload.wikimedia.org/wikipedia/commons/b/b0/Al%C3%ADk_the_dog_-_rubber_squeaking_toy_-_design_Libu%C5%A1e_Niklov%C3%A1_1956_Gumotex_B%C5%99eclav.jpg?utm_source=commons.wikimedia.org&utm_campaign=imageinfo&utm_content=original,Creative Commons / Public Domain,true
p-power-chewer-rubber-tough-pack,Power Chewer Rubber Tough Pack (3 Toys),3,/products/power-chewer-rubber-tough-pack/image-3.webp,1000x1000,77.5,1:1,Power Chewer Rubber Tough Pack (3 Toys) material and texture detail,https://upload.wikimedia.org/wikipedia/commons/2/2f/Dog_vs._Chicken_%2823464161160%29.jpg?utm_source=commons.wikimedia.org&utm_campaign=imageinfo&utm_content=original,Creative Commons / Public Domain,true
p-power-chewer-rubber-tough-pack,Power Chewer Rubber Tough Pack (3 Toys),4,/products/power-chewer-rubber-tough-pack/image-4.webp,1000x1000,80.4,1:1,Power Chewer Rubber Tough Pack (3 Toys) packaging and scale overview,https://upload.wikimedia.org/wikipedia/commons/1/1c/Dog_vs._Chicken_%2823759835645%29.jpg?utm_source=commons.wikimedia.org&utm_campaign=imageinfo&utm_content=original,Creative Commons / Public Domain,true
p-backyard-fetch-and-splash-pack,Backyard Fetch and Splash Pack (3 Toys),1,/products/backyard-fetch-and-splash-pack/image-1.webp,1000x1000,98.3,1:1,Backyard Fetch and Splash Pack (3 Toys) view 1 on clean background,https://upload.wikimedia.org/wikipedia/commons/1/19/Dog_Goresbrook_Park_14th_March_2023.jpg?utm_source=commons.wikimedia.org&utm_campaign=imageinfo&utm_content=original,Creative Commons / Public Domain,true
p-backyard-fetch-and-splash-pack,Backyard Fetch and Splash Pack (3 Toys),2,/products/backyard-fetch-and-splash-pack/image-2.webp,1000x1000,71.8,1:1,Backyard Fetch and Splash Pack (3 Toys) lifestyle in-use play view,https://upload.wikimedia.org/wikipedia/commons/c/c2/Fetch%2C_Fido_%288577564334%29.jpg?utm_source=commons.wikimedia.org&utm_campaign=imageinfo&utm_content=original,Creative Commons / Public Domain,true
p-backyard-fetch-and-splash-pack,Backyard Fetch and Splash Pack (3 Toys),3,/products/backyard-fetch-and-splash-pack/image-3.webp,1000x1000,48.0,1:1,Backyard Fetch and Splash Pack (3 Toys) material and texture detail,https://upload.wikimedia.org/wikipedia/commons/d/d5/Man_playing_fetch_with_a_dog_near_a_cluster_of_trees%2C_ship_rigging_under_full_sail_visible_on_the_right_LCCN2016648671.jpg?utm_source=commons.wikimedia.org&utm_campaign=imageinfo&utm_content=original,Creative Commons / Public Domain,true
p-backyard-fetch-and-splash-pack,Backyard Fetch and Splash Pack (3 Toys),4,/products/backyard-fetch-and-splash-pack/image-4.webp,1000x1000,121.6,1:1,Backyard Fetch and Splash Pack (3 Toys) packaging and scale overview,https://upload.wikimedia.org/wikipedia/commons/2/2a/Playing_%27fetch%27_at_Arnside_%282%29_-_geograph.org.uk_-_5983206.jpg?utm_source=commons.wikimedia.org&utm_campaign=imageinfo&utm_content=original,Creative Commons / Public Domain,true
p-indoor-boredom-buster-puzzle-set,Indoor Boredom Buster Dog Puzzle Set,1,/products/indoor-boredom-buster-puzzle-set/image-1.webp,1000x1000,84.5,1:1,Indoor Boredom Buster Dog Puzzle Set view 1 on clean background,https://upload.wikimedia.org/wikipedia/commons/1/15/Candle_lights_kennel.jpg?utm_source=commons.wikimedia.org&utm_campaign=imageinfo&utm_content=original,Creative Commons / Public Domain,true
p-indoor-boredom-buster-puzzle-set,Indoor Boredom Buster Dog Puzzle Set,2,/products/indoor-boredom-buster-puzzle-set/image-2.webp,1000x1000,117.3,1:1,Indoor Boredom Buster Dog Puzzle Set lifestyle in-use play view,https://upload.wikimedia.org/wikipedia/commons/8/83/Dogs_playing.JPG?utm_source=commons.wikimedia.org&utm_campaign=imageinfo&utm_content=original,Creative Commons / Public Domain,true
p-indoor-boredom-buster-puzzle-set,Indoor Boredom Buster Dog Puzzle Set,3,/products/indoor-boredom-buster-puzzle-set/image-3.webp,1000x1000,401.1,1:1,Indoor Boredom Buster Dog Puzzle Set material and texture detail,https://upload.wikimedia.org/wikipedia/commons/c/c6/Dummy_Training_%2810579889014%29.jpg?utm_source=commons.wikimedia.org&utm_campaign=imageinfo&utm_content=original,Creative Commons / Public Domain,true
p-indoor-boredom-buster-puzzle-set,Indoor Boredom Buster Dog Puzzle Set,4,/products/indoor-boredom-buster-puzzle-set/image-4.webp,1000x1000,425.9,1:1,Indoor Boredom Buster Dog Puzzle Set packaging and scale overview,https://upload.wikimedia.org/wikipedia/commons/5/5f/Dummy_Training_%2810580092473%29.jpg?utm_source=commons.wikimedia.org&utm_campaign=imageinfo&utm_content=original,Creative Commons / Public Domain,true
p-complete-cat-agility-and-play-kit,Complete Cat Agility and Play Kit (4 Toys),1,/products/complete-cat-agility-and-play-kit/image-1.webp,1000x1000,39.0,1:1,Complete Cat Agility and Play Kit (4 Toys) view 1 on clean background,https://upload.wikimedia.org/wikipedia/commons/8/8b/Cat_playing_with_kitten_E5586-P5260386-white.jpg?utm_source=commons.wikimedia.org&utm_campaign=imageinfo&utm_content=original,Creative Commons / Public Domain,true
p-complete-cat-agility-and-play-kit,Complete Cat Agility and Play Kit (4 Toys),2,/products/complete-cat-agility-and-play-kit/image-2.webp,1000x1000,35.1,1:1,Complete Cat Agility and Play Kit (4 Toys) lifestyle in-use play view,https://upload.wikimedia.org/wikipedia/commons/9/98/Cat_playing_with_kitten_E5586-P5260400.JPG?utm_source=commons.wikimedia.org&utm_campaign=imageinfo&utm_content=original,Creative Commons / Public Domain,true
p-complete-cat-agility-and-play-kit,Complete Cat Agility and Play Kit (4 Toys),3,/products/complete-cat-agility-and-play-kit/image-3.webp,1000x1000,68.2,1:1,Complete Cat Agility and Play Kit (4 Toys) material and texture detail,https://upload.wikimedia.org/wikipedia/commons/b/b2/Cat_playing_with_kitten_E5586-P5260402.JPG?utm_source=commons.wikimedia.org&utm_campaign=imageinfo&utm_content=original,Creative Commons / Public Domain,true
p-complete-cat-agility-and-play-kit,Complete Cat Agility and Play Kit (4 Toys),4,/products/complete-cat-agility-and-play-kit/image-4.webp,1000x1000,29.6,1:1,Complete Cat Agility and Play Kit (4 Toys) packaging and scale overview,https://upload.wikimedia.org/wikipedia/commons/4/48/Cat_playing_with_kitten_E5586_mp3h8640-gradient.jpg?utm_source=commons.wikimedia.org&utm_campaign=imageinfo&utm_content=original,Creative Commons / Public Domain,true
p-organic-catnip-frenzy-variety-pack,Organic Catnip Variety Pack (12 Pieces),1,/products/organic-catnip-frenzy-variety-pack/image-1.webp,1000x1000,92.2,1:1,Organic Catnip Variety Pack (12 Pieces) view 1 on clean background,https://upload.wikimedia.org/wikipedia/commons/2/23/A_proud%2C_mysterious_cat_~_~_~_%287609145366%29.jpg?utm_source=commons.wikimedia.org&utm_campaign=imageinfo&utm_content=original,Creative Commons / Public Domain,true
p-organic-catnip-frenzy-variety-pack,Organic Catnip Variety Pack (12 Pieces),2,/products/organic-catnip-frenzy-variety-pack/image-2.webp,1000x1000,195.3,1:1,Organic Catnip Variety Pack (12 Pieces) lifestyle in-use play view,https://upload.wikimedia.org/wikipedia/commons/a/a7/Black_cat_named_Saphiri-zenera-01.jpg?utm_source=commons.wikimedia.org&utm_campaign=imageinfo&utm_content=original,Creative Commons / Public Domain,true
p-organic-catnip-frenzy-variety-pack,Organic Catnip Variety Pack (12 Pieces),3,/products/organic-catnip-frenzy-variety-pack/image-3.webp,1000x1000,215.3,1:1,Organic Catnip Variety Pack (12 Pieces) material and texture detail,https://upload.wikimedia.org/wikipedia/commons/0/02/Retriever_06.jpg?utm_source=commons.wikimedia.org&utm_campaign=imageinfo&utm_content=original,Creative Commons / Public Domain,true
p-organic-catnip-frenzy-variety-pack,Organic Catnip Variety Pack (12 Pieces),4,/products/organic-catnip-frenzy-variety-pack/image-4.webp,1000x1000,67.3,1:1,Organic Catnip Variety Pack (12 Pieces) packaging and scale overview,https://upload.wikimedia.org/wikipedia/commons/2/24/St._Pat%27s_Ball_Park%2C_food_menu.jpg?utm_source=commons.wikimedia.org&utm_campaign=imageinfo&utm_content=original,Creative Commons / Public Domain,true
p-puppy-to-adult-growth-toy-collection,Puppy-to-Adult Growth Toy Collection (4 Toys),1,/products/puppy-to-adult-growth-toy-collection/image-1.webp,1000x1000,119.6,1:1,Puppy-to-Adult Growth Toy Collection (4 Toys) view 1 on clean background,https://upload.wikimedia.org/wikipedia/commons/d/d5/St._Pat%27s_Ball_Park%2C_service_building.jpg?utm_source=commons.wikimedia.org&utm_campaign=imageinfo&utm_content=original,Creative Commons / Public Domain,true
p-puppy-to-adult-growth-toy-collection,Puppy-to-Adult Growth Toy Collection (4 Toys),2,/products/puppy-to-adult-growth-toy-collection/image-2.webp,1000x1000,264.8,1:1,Puppy-to-Adult Growth Toy Collection (4 Toys) lifestyle in-use play view,https://upload.wikimedia.org/wikipedia/commons/d/d1/Stands_at_St._Pat%E2%80%99s_Ball_Park%2C_June_11%2C_2026.jpg?utm_source=commons.wikimedia.org&utm_campaign=imageinfo&utm_content=original,Creative Commons / Public Domain,true
p-puppy-to-adult-growth-toy-collection,Puppy-to-Adult Growth Toy Collection (4 Toys),3,/products/puppy-to-adult-growth-toy-collection/image-3.webp,1000x1000,387.7,1:1,Puppy-to-Adult Growth Toy Collection (4 Toys) material and texture detail,https://upload.wikimedia.org/wikipedia/commons/1/1e/Stands_at_St._Pat%E2%80%99s_Ball_Park%2C_June_11%2C_2026_2.jpg?utm_source=commons.wikimedia.org&utm_campaign=imageinfo&utm_content=original,Creative Commons / Public Domain,true
p-puppy-to-adult-growth-toy-collection,Puppy-to-Adult Growth Toy Collection (4 Toys),4,/products/puppy-to-adult-growth-toy-collection/image-4.webp,1000x1000,144.2,1:1,Puppy-to-Adult Growth Toy Collection (4 Toys) packaging and scale overview,https://upload.wikimedia.org/wikipedia/commons/d/d1/Border_Collie_with_Frisbee_%285010090994%29.jpg?utm_source=commons.wikimedia.org&utm_campaign=imageinfo&utm_content=original,Creative Commons / Public Domain,true
